Term,Course,Title,Section,CRN,Days,Times,Location,Status,Max,Now,Instructor,Delivery Mode,Credits,Info,Comments
202690,MGMT 682,BUSINESS RESEARCH METHODS I,,,M,6:00 PM - 8:50 PM,CAB 2020,,19,,"Zhang, Haisu",Face-to-Face,,,
202690,BDS 791,DOCTORAL SEMINAR,,,W,1:00 PM - 2:20 PM,CAB 2020,,19,,"Gopalakrishnan, Shanthi",Face-to-Face,,,
202690,MGMT 399,CAREER PLANNING,,,M,10:00 AM - 11:20 AM,CAB 3052,,43,,"Joseph, Miranda",Face-to-Face,,,
202690,MGMT 399,CAREER PLANNING,,,M,11:30 AM - 12:50 PM,CAB 3052,,43,,"Joseph, Miranda",Face-to-Face,,,
202690,MGMT 399,CAREER PLANNING,,,M,1:00 PM - 2:20 PM,CAB 3052,,43,,"Joseph, Miranda",Face-to-Face,,,
202690,MIS 645,INFO TECH & COMP ADVANTAGE,,,M,2:30 PM - 5:20 PM,CAB 3052,,43,,"Eljabiri, Osama",Face-to-Face,,,
202690,MIS 645,INFO TECH & COMP ADVANTAGE,,,T,6:00 PM - 8:50 PM,CAB 3052,,43,,"Wolczynski, Nicholas",Face-to-Face,,,
202690,MRKT 378,MARKETING ANALYTICS,,,TR,10:00 AM - 11:20 AM,CAB 3052,,43,,"Fresneda Fernandez, Jorge Eduardo",Face-to-Face,,,
202690,OM 375,BUSINESS OP MGMT & ANALYTICS,,,TR,11:30 AM - 12:50 PM,CAB 3052,,43,,"Rudna, Olena",Face-to-Face,,,
202690,MIS 423,SPORTS MANAGEMENT & ANALYTICS,,,TR,1:00 PM - 2:20 PM,CAB 3052,,43,,"Fresneda Fernandez, Jorge Eduardo",Face-to-Face,,,
202690,MGMT 390,PRINCIPLES OF BUSINESS,,,WF,8:30 AM - 9:50 AM,CAB 3052,,43,,"Egbelu, Pius",Face-to-Face,,,
202690,MGMT 390,PRINCIPLES OF BUSINESS - HONORS,,,WF,8:30 AM - 9:50 AM,CAB 3052,,43,,"Egbelu, Pius",Face-to-Face,,,
202690,DD 275,FOUNDATION OF GAME DESIGN,,,F,8:30 AM - 11:20 AM,CAMP 236C,,18,,"McClain, Anthony",Face-to-Face,,,
202690,DD 275,FOUNDATION OF GAME DESIGN,,,T,6:00 PM - 8:50 PM,CAMP 236H,,18,,"Zajacz, Michael",Face-to-Face,,,
202690,DD 444,3-DIMENSIONAL CHARACTER DEVEL,,,W,6:00 PM - 8:50 PM,CAMP 236H,,18,,"Rodrigues, Miguel",Face-to-Face,,,
202690,ECET 311,EMBEDDED SYSTEMS I,,,M,6:00 PM - 10:05 PM,CKB 106,,42,,"Awad, Majd",Face-to-Face,,,
202690,IS 117,INTRO TO WEBSITE DEVELOPMENT,,,MR,11:30 AM - 12:50 PM,CKB 106,,42,,"Williams, Keith",Face-to-Face,,,
202690,FIN 315,FUND OF CORPORATE FINANCE,,,MR,2:30 PM - 3:50 PM,CKB 106,,42,,"Fox, Wayne",Face-to-Face,,,
202690,MATH 333,PROBABILITY AND STATISTICS,,,MW,1:00 PM - 2:20 PM,CKB 106,,42,,"Shang, Zuofeng",Face-to-Face,,,
202690,CE 648,FLOW THROUGH SOILS,,,R,6:00 PM - 8:50 PM,CKB 106,,42,,"Meegoda, Jay",Face-to-Face,,,
202690,ENE 672,STORMWATER MANAGEMENT,,,T,6:00 PM - 8:50 PM,CKB 106,,42,,"Boufadel, Michel",Face-to-Face,,,
202690,CHEM 121,FUND OF CHEMICAL PRINCIPLES I,,,TF,2:30 PM - 3:50 PM,CKB 106,,42,,"Edens, Gregory",Face-to-Face,,,
202690,MATH 337,LINEAR ALGEBRA,,,TR,10:00 AM - 11:20 AM,CKB 106,,42,,"Turc, Catalin",Face-to-Face,,,
202690,PSY 359,FOUNDATIONS OF CYBERPSYCHOLOGY,,,TR,4:00 PM - 5:20 PM,CKB 106,,42,,"Wolf, John",Face-to-Face,,,
202690,MATH 333,PROBABILITY AND STATISTICS,,,TR,8:30 AM - 9:50 AM,CKB 106,,42,,"Schmidt, Donivyn",Face-to-Face,,,
202690,MATH 222,DIFFERENTIAL EQUATIONS,,,TRF,1:00 PM - 2:20 PM,CKB 106,,42,,"Bouayad, Rachid",Face-to-Face,,,
202690,FYS SEM,FIRST-YEAR SEMINAR,,,W,11:30 AM - 12:50 PM,CKB 106,,42,,"Landow, Jason",Face-to-Face,,,
202690,CE 443,FOUNDATION ENGINEERING DESIGN,,,W,6:00 PM - 8:50 PM,CKB 106,,42,,"Riegel, Matthew",Face-to-Face,,,
202690,IE 618,ENGR COST & PRODUC ECONO,,,F,6:00 PM - 8:50 PM,CKB 114,,32,,"Naraine, Deoraj",Face-to-Face,,,
202690,YWCC 307,PROFESSIONAL DEV IN COMPUTING,,,M,1:00 PM - 2:20 PM,CKB 114,,32,,"Ohshiro, Keita",Face-to-Face,,,
202690,ECE 498,ST: AUTONOMOUS ROBOTICS PLATFORMS,,,M,6:00 PM - 8:50 PM,CKB 114,,32,,"Abichandani, Pramod",Face-to-Face,,,
202690,COM 312,EFFECTIVE COMMUNICATION,,,MR,10:00 AM - 11:20 AM,CKB 114,,32,,"Lipuma, James",Face-to-Face,,,
202690,COM 312,EFFECTIVE COMMUNICATION,,,MR,11:30 AM - 12:50 PM,CKB 114,,32,,"Lipuma, James",Face-to-Face,,,
202690,STS 201,UNDERSTANDING TECH SOCIETY,,,MR,2:30 PM - 3:50 PM,CKB 114,,32,,"Leli, Tyler",Face-to-Face,,,
202690,STS 221,INTRODUCTION TO SOCIOLOGY,,,MR,8:30 AM - 9:50 AM,CKB 114,,32,,"Reibstein, Sarah",Face-to-Face,,,
202690,SDET 101,FUND OF SOFT AND DATA,,,R,6:00 PM - 10:05 PM,CKB 114,,32,,"Iaboni, Craig",Face-to-Face,,,
202690,ARCH 483,ST: ARCHITECTURAL GLASS DESIGN AND PROTOTYPING,,,T,6:00 PM - 8:50 PM,CKB 114,,32,,"Pawlowska, Gosia",Face-to-Face,,,
202690,ENGL 100,"INTRO TO ACADEMIC RDG, WRTG",,,TF,10:00 AM - 11:20 AM,CKB 114,,32,,"Fischl-Kruger, Jennifer",Face-to-Face,,,
202690,PHIL 334,ENGINEERING ETHICS,,,TF,2:30 PM - 3:50 PM,CKB 114,,32,,"Burnside, Andrew",Face-to-Face,,,
202690,ARCH 549G,LANDSCAPE AND URBANISM,,,TF,8:30 AM - 9:50 AM,CKB 114,,32,,"Stevens, Jeff",Face-to-Face,,,
202690,ENGL 101,INTRO TO ACADEMIC WRITING,,,TR,1:00 PM - 2:20 PM,CKB 114,,32,,"Coppola, Michael",Face-to-Face,,,
202690,FYS SEM,FIRST-YEAR SEMINAR,,,W,1:00 PM - 2:20 PM,CKB 114,,32,,"Howard, Jasmine",Face-to-Face,,,
202690,HIST 343,AFRICAN-AMERICAN HISTORY I,,,W,6:00 PM - 8:50 PM,CKB 114,,32,,"Toler, Herbert",Face-to-Face,,,
202690,FYS SEM,FIRST-YEAR SEMINAR,,,M,2:30 PM - 3:50 PM,CKB 120,,38,,"Cruz, Ricky",Face-to-Face,,,
202690,ECE 271,ELECTRONIC CIRCUITS I,,,M,6:00 PM - 10:05 PM,CKB 120,,38,,"Walker-Soler, Jean",Face-to-Face,,,
202690,MATH 107,UNIVERSITY MATHEMATICS A,,,MR,1:00 PM - 2:20 PM,CKB 120,,38,,"Jean, Jason",Face-to-Face,,,
202690,CE 465,GREEN & SUSTAINABLE CIVIL ENGR,,,MW,10:00 AM - 11:20 AM,CKB 120,,38,,"Adams, Matthew",Face-to-Face,,,
202690,IT 101,INTRO TO INFORMTN TECHNOLGY,,,MW,11:30 AM - 12:50 PM,CKB 120,,38,,"Spryszynski, Adam",Face-to-Face,,,
202690,YWCC 207,COMPUTING & EFFECTIVE COM,,,R,6:00 PM - 7:20 PM,CKB 120,,38,,"Sims, Deborah",Face-to-Face,,,
202690,MATH 478,STAT METHODS IN DATA SCIENCE,,,TF,2:30 PM - 3:50 PM,CKB 120,,38,,"Guo, Wenge",Face-to-Face,,,
202690,MATH 326,DISCRETE ANALYSIS FOR COE,,,TR,11:30 AM - 12:50 PM,CKB 120,,38,,"Ward, Peter",Face-to-Face,,,
202690,BIOL 448,NEUROPATHOPHYSIOLOGY,,,TR,4:00 PM - 5:20 PM,CKB 120,,38,,"Desai, Darshan",Face-to-Face,,,
202690,BIOL 648,NEUROPATHOLOGY,,,TR,4:00 PM - 5:20 PM,CKB 120,,38,,"Desai, Darshan",Face-to-Face,,,
202690,MATH 222,DIFFERENTIAL EQUATIONS,,,TRF,10:00 AM - 11:20 AM,CKB 120,,38,,"Barreto Aranda, Victor",Face-to-Face,,,
202690,YWCC 207,COMPUTING & EFFECTIVE COM,,,W,1:00 PM - 2:20 PM,CKB 120,,38,,"Clarke, Dominique",Face-to-Face,,,
202690,HRM 601,ORG BEHAVIOR IN TECH ORGS,,,M,6:00 PM - 8:50 PM,CKB 124,,43,,"Casal, Jose",Face-to-Face,,,
202690,ACCT 115,FUND OF FINANCIAL ACCOUNTING,,,MR,10:00 AM - 11:20 AM,CKB 124,,43,,"Li, Nichole",Face-to-Face,,,
202690,CS 100,ROADMAP TO COMPUTING,,,MW,11:30 AM - 12:50 PM,CKB 124,,43,,"Pethkar, Kaustubh Vijaykumar",Face-to-Face,,,
202690,CS 115,INTRO TO COMP SCIENCE I IN C++,,,TF,10:00 AM - 11:20 AM,CKB 124,,43,,,Face-to-Face,,,
202690,CS 100,ROADMAP TO COMPUTING,,,TF,2:30 PM - 3:50 PM,CKB 124,,43,,"Spirollari, Junilda",Face-to-Face,,,
202690,CS 115,INTRO TO COMP SCIENCE I IN C++,,,TF,4:00 PM - 5:20 PM,CKB 124,,43,,"Wu, Jun",Face-to-Face,,,
202690,CS 100,ROADMAP TO COMPUTING,,,TR,11:30 AM - 12:50 PM,CKB 124,,43,,"Qerimaj, Jertishta",Face-to-Face,,,
202690,CS 113,INTRO COMPUTER SCI I,,,TR,1:00 PM - 2:20 PM,CKB 124,,43,,"Spirollari, Junilda",Face-to-Face,,,
202690,MGMT 492,BUSINESS POLICY,,,TR,6:00 PM - 7:20 PM,CKB 124,,43,,"Gopalakrishnan, Shanthi",Face-to-Face,,,
202690,MGMT 492,BUSINESS POLICY - HONORS,,,TR,6:00 PM - 7:20 PM,CKB 124,,43,,"Gopalakrishnan, Shanthi",Face-to-Face,,,
202690,MGMT 480,MANAGING TECH & INNOVATION,,,TR,7:30 PM - 8:50 PM,CKB 124,,43,,"Roy, Raja",Face-to-Face,,,
202690,CS 113,INTRO COMPUTER SCI I,,,TR,8:30 AM - 9:50 AM,CKB 124,,43,,"Pethkar, Kaustubh Vijaykumar",Face-to-Face,,,
202690,MGMT 640,INTRO TO ENTREPRENEURSHIP,,,W,6:00 PM - 8:50 PM,CKB 124,,43,,"Bandera, Cesar",Face-to-Face,,,
202690,MGMT 650,KNOWLEDGE MANAGEMENT,,,W,6:00 PM - 8:50 PM,CKB 124,,43,,"Koskinen, Michael",Face-to-Face,,,
202690,CS 115,INTRO TO COMP SCIENCE I IN C++,,,WF,1:00 PM - 2:20 PM,CKB 124,,43,,"Wu, Jun",Face-to-Face,,,
202690,CS 115,INTRO TO COMP SCIENCE I IN C++,,,WF,8:30 AM - 9:50 AM,CKB 124,,43,,"Wu, Jun",Face-to-Face,,,
202690,ENGL 101,INTRO TO ACADEMIC WRITING,,,MR,10:00 AM - 11:20 AM,CKB 126,,24,,"Bernstein, Larry",Face-to-Face,,,
202690,ENGL 101,INTRO TO ACADEMIC WRITING,,,MW,1:00 PM - 2:20 PM,CKB 126,,24,,,Face-to-Face,,,
202690,ENGL 101,INTRO TO ACADEMIC WRITING,,,MW,8:30 AM - 9:50 AM,CKB 126,,24,,"Blender, Roberta",Face-to-Face,,,
202690,COM 313,WRITING IN THE WORKPLACE,,,R,6:00 PM - 8:50 PM,CKB 126,,24,,"Mednick, Kyle",Face-to-Face,,,
202690,ENGL 101,INTRO TO ACADEMIC WRITING,,,TF,10:00 AM - 11:20 AM,CKB 126,,24,,"Faison, Galen",Face-to-Face,,,
202690,ENGL 101,INTRO TO ACADEMIC WRITING,,,TF,1:00 PM - 2:20 PM,CKB 126,,24,,"Darkwa-Anto, Ashley",Face-to-Face,,,
202690,ENGL 101,INTRO TO ACADEMIC WRITING,,,TF,2:30 PM - 3:50 PM,CKB 126,,24,,"Delloiacono, Benjamin",Face-to-Face,,,
202690,ENGL 102,INTRO TO RESEARCH WRITING- HONORS,,,TF,4:00 PM - 5:20 PM,CKB 126,,24,,"Slovis, Jake",Face-to-Face,,,
202690,ENGL 101,INTRO TO ACADEMIC WRITING,,,TR,8:30 AM - 9:50 AM,CKB 126,,24,,"Harris, Amanda",Face-to-Face,,,
202690,HSS 404,ST: CULTURE AND POLITICS,,,W,6:00 PM - 8:50 PM,CKB 126,,24,,"Burnside, Andrew",Face-to-Face,,,
202690,CS 356,INTRO TO COMPUTER NETWORKS,,,F,1:00 PM - 3:50 PM,CKB 204,,84,,"Berenjian, Samaneh",Face-to-Face,,,
202690,CE 463,UNDERGROUND GEO-CONSTRUCTION,,,M,6:00 PM - 8:50 PM,CKB 204,,84,,"Kolawole, Oladoyin",Face-to-Face,,,
202690,CE 662,DEEP UNDERGROUND ENGINEERING,,,M,6:00 PM - 8:50 PM,CKB 204,,84,,"Kolawole, Oladoyin",Face-to-Face,,,
202690,IS 390,ANALYSIS & SYSTEM DESIGN,,,MW,11:30 AM - 12:50 PM,CKB 204,,84,,"Licciardello, Thomas",Face-to-Face,,,
202690,ME 304,FLUID MECHANICS,,,MW,1:00 PM - 2:20 PM,CKB 204,,84,,"Marras, Simone",Face-to-Face,,,
202690,CS 241,FOUNDATIONS OF COMP SCIENCE I,,,R,6:00 PM - 8:50 PM,CKB 204,,84,,"Naik, Kamlesh",Face-to-Face,,,
202690,ECE 453,INTRO DISCRETE EVENT SYS,,,T,6:00 PM - 8:50 PM,CKB 204,,84,,"Zhou, Mengchu",Face-to-Face,,,
202690,CS 114,INTRO TO COMPUTER SCIENCE II,,,TR,10:00 AM - 11:20 AM,CKB 204,,84,,"Zaidenberg, Ayelet",Face-to-Face,,,
202690,CS 100,ROADMAP TO COMPUTING,,,TR,11:30 AM - 12:50 PM,CKB 204,,84,,"Kaur, Ravneet",Face-to-Face,,,
202690,FIN 320,FIN DATA ANALYTICS,,,TR,2:30 PM - 3:50 PM,CKB 204,,84,,"Liu, Yanguang",Face-to-Face,,,
202690,CHEM 473,BIOCHEMISTRY,,,TR,4:00 PM - 5:20 PM,CKB 204,,84,,"Balasubramanian, Bhavani",Face-to-Face,,,
202690,BIOL 205,FOUND OF BIO:ECOL & EVOL I,,,TR,8:30 AM - 9:50 AM,CKB 204,,84,,"Devan, Caroline",Face-to-Face,,,
202690,ME 311,THERMODYNAMICS I,,,W,6:00 PM - 8:50 PM,CKB 204,,84,,"Padovan, Alberto",Face-to-Face,,,
202690,ME 305,INTRO TO SYSTEM DYNAMICS,,,WF,10:00 AM - 11:20 AM,CKB 204,,84,,"Fischer, Ian",Face-to-Face,,,
202690,CS 100,ROADMAP TO COMPUTING,,,WF,8:30 AM - 9:50 AM,CKB 204,,84,,"Spirollari, Junilda",Face-to-Face,,,
202690,MATH 105,ELEM PROBABILITY & STATISTICS,,,F,6:00 PM - 8:50 PM,CKB 206,,37,,"Salters, Caroline",Face-to-Face,,,
202690,AS 111,DAF HERITAGE & VALUES I,,,F,9:30 AM - 10:20 AM,CKB 206,,37,,"Berry, Alexus",Face-to-Face,,,
202690,FYS SEM,FIRST-YEAR SEMINAR,,,M,10:00 AM - 11:20 AM,CKB 206,,37,,"McCulligan, Lauren",Face-to-Face,,,
202690,ENE 705,CONTAMINANT TREATMENT,,,M,6:00 PM - 8:50 PM,CKB 206,,37,,"Venkatesan, Arjun",Face-to-Face,,,
202690,PSY 210,INTRODUCTION TO PSYCHOLOGY,,,MR,11:30 AM - 12:50 PM,CKB 206,,37,,"Lyons, Delina",Face-to-Face,,,
202690,PSY 210,INTRODUCTION TO PSYCHOLOGY,,,MW,1:00 PM - 2:20 PM,CKB 206,,37,,"Morgenstern, Leonore",Face-to-Face,,,
202690,PSY 210,INTRODUCTION TO PSYCHOLOGY,,,MW,8:30 AM - 9:50 AM,CKB 206,,37,,"Laszlo, Jadwiga Victoria",Face-to-Face,,,
202690,MET 450,MECH DESIGN CAPSTONE PROJECT,,,R,6:00 PM - 10:05 PM,CKB 206,,37,,"Beshay, Joseph",Face-to-Face,,,
202690,MATH 111,CALCULUS I,,,S,9:00 AM - 12:50 PM,CKB 206,,37,,,Face-to-Face,,,
202690,MATH 105,ELEM PROBABILITY & STATISTICS,,,T,6:00 PM - 8:50 PM,CKB 206,,37,,"Kariuki, George",Face-to-Face,,,
202690,MATH 135,CALCULUS FOR BUSINESS,,,TF,4:00 PM - 5:20 PM,CKB 206,,37,,"Hussein, Daoud",Face-to-Face,,,
202690,IS 265,INTRO TO INFORMATION SYSTEMS,,,TR,10:00 AM - 11:20 AM,CKB 206,,37,,"Chiusano, Mark",Face-to-Face,,,
202690,ENGL 101,INTRO TO ACADEMIC WRITING,,,TR,1:00 PM - 2:20 PM,CKB 206,,37,,"Chae, Jung Hae",Face-to-Face,,,
202690,PHIL 334,ENGINEERING ETHICS,,,TR,2:30 PM - 3:50 PM,CKB 206,,37,,"Edel, Gareth",Face-to-Face,,,
202690,FYS SEM,FIRST-YEAR SEMINAR,,,W,10:00 AM - 11:20 AM,CKB 206,,37,,"Ruiz, Jacqueline",Face-to-Face,,,
202690,ENGR 430,QUALITY AND RELIABILITY ENGR.,,,W,6:00 PM - 10:05 PM,CKB 206,,37,,"Cherkowski, Maciej",Face-to-Face,,,
202690,AS 221,TEAM & LDRSHP FUNDAMENTALS I,,,F,10:30 AM - 11:20 AM,CKB 207,,30,,"Makaryk, Michael",Face-to-Face,,,
202690,YWCC 207,COMPUTING & EFFECTIVE COM,,,F,1:00 PM - 2:20 PM,CKB 207,,30,,"McCormick, Shanna",Face-to-Face,,,
202690,SDET 345,NETWORK APPLICATIONS II,,,F,6:00 PM - 10:05 PM,CKB 207,,30,,"Amboise, Wilex",Face-to-Face,,,
202690,AS 336,POC LEADERSHIP LAB,,,F,9:15 AM - 9:50 AM,CKB 207,,30,,"Phinney, John",Face-to-Face,,,
202690,FYS SEM,FIRST-YEAR SEMINAR,,,M,10:00 AM - 11:20 AM,CKB 207,,30,,"Drwiega, Tom",Face-to-Face,,,
202690,FYS SEM,FIRST-YEAR SEMINAR,,,M,1:00 PM - 2:20 PM,CKB 207,,30,,"Hoossain-Ally, Faneza",Face-to-Face,,,
202690,FYS SEM,FIRST-YEAR SEMINAR,,,M,2:30 PM - 3:50 PM,CKB 207,,30,,"Benjamin, Christopher",Face-to-Face,,,
202690,CS 100,ROADMAP TO COMPUTING - HONORS,,,MR,8:30 AM - 9:50 AM,CKB 207,,30,,"Islam, Akm",Face-to-Face,,,
202690,FYS SEM,FIRST-YEAR SEMINAR,,,R,11:30 AM - 12:50 PM,CKB 207,,30,,"Obuskovic, Gordana",Face-to-Face,,,
202690,FYS SEM,FIRST-YEAR SEMINAR,,,R,1:00 PM - 2:20 PM,CKB 207,,30,,"Ceballo, Samantha",Face-to-Face,,,
202690,FYS SEM,FIRST-YEAR SEMINAR,,,R,2:30 PM - 3:50 PM,CKB 207,,30,,"Fox, Tim",Face-to-Face,,,
202690,SDET 373,WEB APP DEVELOPMENT FOR MOBILE,,,R,6:00 PM - 10:05 PM,CKB 207,,30,,"Nasello, Daniel",Face-to-Face,,,
202690,FYS SEM,FIRST-YEAR SEMINAR,,,T,11:30 AM - 12:50 PM,CKB 207,,30,,"Daniel, Sydney",Face-to-Face,,,
202690,FYS SEM,FIRST-YEAR SEMINAR,,,T,1:00 PM - 2:20 PM,CKB 207,,30,,"Yetman, Shawn",Face-to-Face,,,
202690,YWCC 207,COMPUTING & EFFECTIVE COM,,,T,2:30 PM - 3:50 PM,CKB 207,,30,,"Bell, Michele",Face-to-Face,,,
202690,DS 733,DEEP UNSUPERVISED LEARNING,,,T,6:00 PM - 8:50 PM,CKB 207,,30,,"Rangamani, Akshay",Face-to-Face,,,
202690,YWCC 307,PROFESSIONAL DEV IN COMPUTING,,,T,8:30 AM - 9:50 AM,CKB 207,,30,,"Yusuf, Fatima",Face-to-Face,,,
202690,FYS SEM,FIRST-YEAR SEMINAR,,,W,10:00 AM - 11:20 AM,CKB 207,,30,,"Guichardo, Alberto",Face-to-Face,,,
202690,FYS SEM,FIRST-YEAR SEMINAR,,,W,11:30 AM - 12:50 PM,CKB 207,,30,,"Bolling, Phyllis",Face-to-Face,,,
202690,FYS SEM,FIRST-YEAR SEMINAR,,,W,1:00 PM - 2:20 PM,CKB 207,,30,,"Moncayo, Frans",Face-to-Face,,,
202690,YWCC 307,PROFESSIONAL DEV IN COMPUTING,,,F,4:00 PM - 5:20 PM,CKB 212,,30,,"Tolboom, Ryan",Face-to-Face,,,
202690,SDET 325,MEDICAL INFORMATICS TECHNOLOGY,,,F,6:00 PM - 8:50 PM,CKB 212,,30,,"Lubliner, David",Face-to-Face,,,
202690,ENGR 424,ROBOTICS SCIENCE FUNDAMENTALS,,,M,6:00 PM - 10:05 PM,CKB 212,,30,,"da Cunha, Carlo",Face-to-Face,,,
202690,YWCC 307,PROFESSIONAL DEV IN COMPUTING,,,MT,2:30 PM - 3:50 PM,CKB 212,,30,,"Ohshiro, Keita",Face-to-Face,,,
202690,CS 331,DATABASE SYSTEM DESIGN & MGMT - HONORS,,,MW,11:30 AM - 12:50 PM,CKB 212,,30,,"Theodoratos, Dimitrios",Face-to-Face,,,
202690,FYS SEM,FIRST-YEAR SEMINAR,,,R,10:00 AM - 11:20 AM,CKB 212,,30,,"Stinchcombe, Amy",Face-to-Face,,,
202690,FYS SEM,FIRST-YEAR SEMINAR,,,R,11:30 AM - 12:50 PM,CKB 212,,30,,"Lewis, Carla",Face-to-Face,,,
202690,FYS SEM,FIRST-YEAR SEMINAR,,,R,1:00 PM - 2:20 PM,CKB 212,,30,,"Lopez, Jose",Face-to-Face,,,
202690,FYS SEM,FIRST-YEAR SEMINAR,,,R,2:30 PM - 3:50 PM,CKB 212,,30,,"Remoura, Richard",Face-to-Face,,,
202690,CET 415,CONTRUCTN PROJ MANAGEMNT,,,R,6:00 PM - 8:50 PM,CKB 212,,30,,"Wiggins, John",Face-to-Face,,,
202690,FYS SEM,FIRST-YEAR SEMINAR,,,T,10:00 AM - 11:20 AM,CKB 212,,30,,"Fox, Tim",Face-to-Face,,,
202690,FYS SEM,FIRST-YEAR SEMINAR,,,T,11:30 AM - 12:50 PM,CKB 212,,30,,"Toye, Stefanie",Face-to-Face,,,
202690,FYS SEM,FIRST-YEAR SEMINAR,,,T,1:00 PM - 2:20 PM,CKB 212,,30,,"Zhou, Abigail",Face-to-Face,,,
202690,CE 634,STRUCTURAL DYNAMICS,,,T,6:00 PM - 8:50 PM,CKB 212,,30,,"Saadeghvaziri, Mohamad",Face-to-Face,,,
202690,STS 315,"SPORTS, TECHNOLOGY AND SOCIETY",,,TR,8:30 AM - 9:50 AM,CKB 212,,30,,"Holbrook, Britt",Face-to-Face,,,
202690,FYS SEM,FIRST-YEAR SEMINAR,,,W,1:00 PM - 2:20 PM,CKB 212,,30,,"Reid, Devonii",Face-to-Face,,,
202690,ECET 365,DIGITAL LOGIC & CIRCUIT DESIGN,,,W,6:00 PM - 8:50 PM,CKB 212,,30,,"Bokhari, Syed",Face-to-Face,,,
202690,CE 414,ENGINEERED CONSTRUCTION,,,F,2:30 PM - 5:20 PM,CKB 214,,30,,"Borges Rodrigues, Patrick",Face-to-Face,,,
202690,CE 495,CIVIL ENGR DESIGN II,,,F,6:00 PM - 8:50 PM,CKB 214,,30,,"Shim, Simon",Face-to-Face,,,
202690,CE 495,CIVIL ENGR DESIGN II -HONORS,,,F,6:00 PM - 8:50 PM,CKB 214,,30,,"Shim, Simon",Face-to-Face,,,
202690,ENGL 101,INTRO TO ACADEMIC WRITING,,,MR,1:00 PM - 2:20 PM,CKB 214,,30,,"Smith-Henry, Dawn",Face-to-Face,,,
202690,ENGL 101,INTRO TO ACADEMIC WRITING,,,MR,8:30 AM - 9:50 AM,CKB 214,,30,,"Bernstein, Larry",Face-to-Face,,,
202690,CS 100,ROADMAP TO COMPUTING - HONORS,,,MW,11:30 AM - 12:50 PM,CKB 214,,30,,"Qerimaj, Jertishta",Face-to-Face,,,
202690,ECET 311,EMBEDDED SYSTEMS I,,,R,6:00 PM - 10:05 PM,CKB 214,,30,,"Otaryan, Vahan",Face-to-Face,,,
202690,ENE 262,INTRO TO ENVIRONMENTAL ENGR,,,T,10:00 AM - 2:20 PM,CKB 214,,30,,"Schorr, Paul",Face-to-Face,,,
202690,ENGL 101,INTRO TO ACADEMIC WRITING,,,TR,2:30 PM - 3:50 PM,CKB 214,,30,,"Bruzzano, Carol",Face-to-Face,,,
202690,HSS 404,ST: STRUCTURAL INTEGRITY & ANALYSIS OF THE 9/11 TIMELINE,,,W,6:00 PM - 8:50 PM,CKB 214,,30,,"Kudelka, Michelle",Face-to-Face,,,
202690,ENGL 101,INTRO TO ACADEMIC WRITING,,,WF,1:00 PM - 2:20 PM,CKB 214,,30,,"Aladren, Vivian",Face-to-Face,,,
202690,ENGL 101,INTRO TO ACADEMIC WRITING,,,WF,8:30 AM - 9:50 AM,CKB 214,,30,,"Jennings, Collin",Face-to-Face,,,
202690,TRAN 610,TRANSPORTATION ECONOMICS,,,M,6:00 PM - 8:50 PM,CKB 215,,35,,"Dimitrijevic, Branislav",Face-to-Face,,,
202690,PSY 210,INTRODUCTION TO PSYCHOLOGY,,,MR,10:00 AM - 11:20 AM,CKB 215,,35,,"Lyons, Delina",Face-to-Face,,,
202690,ENGL 101,INTRO TO ACADEMIC WRITING,,,MR,11:30 AM - 12:50 PM,CKB 215,,35,,"Aita, Maryann",Face-to-Face,,,
202690,DS 400,FOUNDATION OF ML,,,MR,2:30 PM - 3:50 PM,CKB 215,,35,,"Zhang, Shuai",Face-to-Face,,,
202690,IT 114,ADV PROGRAM FOR INFOR TECH,,,MW,1:00 PM - 2:20 PM,CKB 215,,35,,"Toegel, Matt",Face-to-Face,,,
202690,ME 625,INTRODUCTION TO ROBOTICS,,,R,6:00 PM - 8:50 PM,CKB 215,,35,,"Swissler, Petras",Face-to-Face,,,
202690,FYS SEM,FIRST-YEAR SEMINAR,,,T,2:30 PM - 3:50 PM,CKB 215,,35,,"Bartlett, Alexis",Face-to-Face,,,
202690,CET 411,COST ESTIMATING,,,T,6:00 PM - 8:50 PM,CKB 215,,35,,,Face-to-Face,,,
202690,MATH 135,CALCULUS FOR BUSINESS,,,TF,10:00 AM - 11:20 AM,CKB 215,,35,,"Kim, Chulmin",Face-to-Face,,,
202690,IT 101,INTRO TO INFORMTN TECHNOLGY,,,TR,1:00 PM - 2:20 PM,CKB 215,,35,,"Chiusano, Mark",Face-to-Face,,,
202690,COM 384,SONGWRITING AND PRODUCING,,,TR,4:00 PM - 5:20 PM,CKB 215,,35,,"Montanari, Laura",Face-to-Face,,,
202690,BIOL 383,NEURAL BASIS OF BEHAVIOR,,,TR,8:30 AM - 9:50 AM,CKB 215,,35,,"Hyland Bruno, Julia",Face-to-Face,,,
202690,FYS SEM,FIRST-YEAR SEMINAR,,,W,11:30 AM - 12:50 PM,CKB 215,,35,,"Smith, Alicia",Face-to-Face,,,
202690,CE 494,CIVIL ENGR DESIGN I,,,W,6:00 PM - 8:50 PM,CKB 215,,35,,"Baladi, Joseph",Face-to-Face,,,
202690,CE 494,CIVIL ENGR DESIGN I - HONORS,,,W,6:00 PM - 8:50 PM,CKB 215,,35,,"Baladi, Joseph",Face-to-Face,,,
202690,CS 241,FOUNDATIONS OF COMP SCIENCE I,,,F,8:30 AM - 11:20 AM,CKB 217,,55,,"Le, Huong",Face-to-Face,,,
202690,FIN 310,DATA-DRIVEN FINANCIAL MODELING,,,M,6:00 PM - 8:50 PM,CKB 217,,55,,"Zhou, Fuqin",Face-to-Face,,,
202690,CS 375,INTRO TO MACHINE LEARNING,,,MR,2:30 PM - 3:50 PM,CKB 217,,55,,"Bakhshaliyev, Khalid",Face-to-Face,,,
202690,CS 114,INTRO TO COMPUTER SCIENCE II,,,MTWR,11:30 AM - 12:50 PM,CKB 217,,55,,"Zaidenberg, Ayelet",Face-to-Face,,,
202690,CS 100,ROADMAP TO COMPUTING,,,MW,10:00 AM - 11:20 AM,CKB 217,,55,,"Yusuf, Fatima",Face-to-Face,,,
202690,MRKT 360,DIGITAL MARKETING,,,MW,8:30 AM - 9:50 AM,CKB 217,,55,,"Punyatoya, Plavini",Face-to-Face,,,
202690,SDET 335,NETWORK APPLICATIONS I,,,R,6:00 PM - 10:05 PM,CKB 217,,55,,"Vanderbilt, Richard",Face-to-Face,,,
202690,MIS 363,PROJCT MNGMNT FOR MANAGERS,,,T,6:00 PM - 8:50 PM,CKB 217,,55,,"Moodey, Paul",Face-to-Face,,,
202690,IT 340,INTRO TO SYSTEM ADMINISTRATION,,,TF,1:00 PM - 2:20 PM,CKB 217,,55,,"Woodruff, Omar",Face-to-Face,,,
202690,MGMT 316,BUSINESS RESEARCH METHODS,,,TF,2:30 PM - 3:50 PM,CKB 217,,55,,"Shi, Jim",Face-to-Face,,,
202690,CS 100,ROADMAP TO COMPUTING,,,TR,10:00 AM - 11:20 AM,CKB 217,,55,,"Spirollari, Junilda",Face-to-Face,,,
202690,CS 104,COMPUT PROG & GRAPH PROB,,,TR,8:30 AM - 9:50 AM,CKB 217,,55,,"Nemane, Nikita",Face-to-Face,,,
202690,SDET 101,FUND OF SOFT AND DATA,,,MR,1:00 PM - 3:05 PM,CKB 219,,37,,"Iaboni, Craig",Face-to-Face,,,
202690,IT 202,INTERNET APPLICATIONS,,,MW,11:30 AM - 12:50 PM,CKB 219,,37,,"Toegel, Matt",Face-to-Face,,,
202690,SDET 101,FUND OF SOFT AND DATA,,,MW,9:15 AM - 11:20 AM,CKB 219,,37,,,Face-to-Face,,,
202690,SDET 341,VISUAL BASIC .NET,,,R,6:00 PM - 10:05 PM,CKB 219,,37,,"Tereshkovich, William",Face-to-Face,,,
202690,ARCH 636,URBAN PLANNING AND DESIGN,,,TF,10:00 AM - 11:20 AM,CKB 219,,37,,"Theodore, Georgeen",Face-to-Face,,,
202690,COM 313,WRITING IN THE WORKPLACE,,,TF,1:00 PM - 2:20 PM,CKB 219,,37,,"Apatoff, Benjamin",Face-to-Face,,,
202690,COM 313,WRITING IN THE WORKPLACE,,,TF,2:30 PM - 3:50 PM,CKB 219,,37,,"Apatoff, Benjamin",Face-to-Face,,,
202690,IT 114,ADV PROGRAM FOR INFOR TECH,,,TR,11:30 AM - 12:50 PM,CKB 219,,37,,"Toegel, Matt",Face-to-Face,,,
202690,IT 331,PRIVACY & INFORMTN TECHNLGY,,,TR,4:00 PM - 5:20 PM,CKB 219,,37,,"Campos, Nicole",Face-to-Face,,,
202690,HSS 404,THE SOCIAL MEDIA DILEMMA,,,TR,8:30 AM - 9:50 AM,CKB 219,,37,,"Hunt, Theresa",Face-to-Face,,,
202690,FYS SEM,FIRST-YEAR SEMINAR,,,W,1:00 PM - 2:20 PM,CKB 219,,37,,"Belton, Amada",Face-to-Face,,,
202690,MATH 105,ELEM PROBABILITY & STATISTICS,,,W,6:00 PM - 8:50 PM,CKB 219,,37,,"Flores, Renzo",Face-to-Face,,,
202690,ENGL 102,INTRO TO RESEARCH WRITING- HONORS,,,MR,10:00 AM - 11:20 AM,CKB 220,,25,,"Aita, Maryann",Face-to-Face,,,
202690,ENGL 101,INTRO TO ACADEMIC WRITING,,,MR,1:00 PM - 2:20 PM,CKB 220,,25,,"Carter, Kelsey",Face-to-Face,,,
202690,ENGL 101,INTRO TO ACADEMIC WRITING,,,MR,2:30 PM - 3:50 PM,CKB 220,,25,,"Gonzalez-Ledezma, Grisele",Face-to-Face,,,
202690,ENGL 101,INTRO TO ACADEMIC WRITING,,,MR,8:30 AM - 9:50 AM,CKB 220,,25,,"Carter, Kelsey",Face-to-Face,,,
202690,ENGL 102,INTRO TO RESEARCH WRITING,,,MW,11:30 AM - 12:50 PM,CKB 220,,25,,"Manning, Sophia",Face-to-Face,,,
202690,IET 416,APP. OPERATIONS & PROJECT MGMT,,,R,6:00 PM - 10:05 PM,CKB 220,,25,,,Face-to-Face,,,
202690,HIST 600,GRADUATE RESEARCH SEMINAR: ENVIRONMENTS OF INEQUALITY IN URBAN AMERICA,,,T,6:00 PM - 8:50 PM,CKB 220,,25,,"Maher, Neil",Face-to-Face,,,
202690,ENGL 101,INTRO TO ACADEMIC WRITING,,,TF,10:00 AM - 11:20 AM,CKB 220,,25,,"Darkwa-Anto, Ashley",Face-to-Face,,,
202690,ENGL 099,"ENGLISH COMP:RDNG, WRIT",,,TF,2:30 PM - 3:50 PM,CKB 220,,25,,"Fischl-Kruger, Jennifer",Face-to-Face,,,
202690,CET 322,CONSTRUCTN REGS & STANDA,,,TF,8:30 AM - 9:50 AM,CKB 220,,25,,"Waterbury, Elizabeth",Face-to-Face,,,
202690,ENGL 102,INTRO TO RESEARCH WRITING,,,TR,11:30 AM - 12:50 PM,CKB 220,,25,,"Faison, Galen",Face-to-Face,,,
202690,ENGL 102,INTRO TO RESEARCH WRITING- HONORS,,,TR,4:00 PM - 5:20 PM,CKB 220,,25,,"Ciccolo, Drew",Face-to-Face,,,
202690,ENGL 102,INTRO TO RESEARCH WRITING- HONORS,,,WF,1:00 PM - 2:20 PM,CKB 220,,25,,"Gonzalez-Ledezma, Grisele",Face-to-Face,,,
202690,YWCC 207,COMPUTING & EFFECTIVE COM,,,M,1:00 PM - 2:20 PM,CKB 222,,35,,"Cervelli, Christine",Face-to-Face,,,
202690,IS 455,IS MGMT & BUSINESS PROCESSES,,,MR,10:00 AM - 11:20 AM,CKB 222,,35,,"Egan, Rich",Face-to-Face,,,
202690,BIOL 441,NEUROPHYSIOLOGY,,,MR,2:30 PM - 3:50 PM,CKB 222,,35,,"Bucher, Dirk",Face-to-Face,,,
202690,BIOL 441,NEUROPHYSIOLOGY-HONORS,,,MR,2:30 PM - 3:50 PM,CKB 222,,35,,"Bucher, Dirk",Face-to-Face,,,
202690,BIOL 640,CELLULAR NEUROPHYSIOLOGY,,,MR,2:30 PM - 3:50 PM,CKB 222,,35,,"Bucher, Dirk",Face-to-Face,,,
202690,ID 410,PROF PRACTICE & ETHICS,,,MW,11:30 AM - 12:50 PM,CKB 222,,35,,"Berkin-Harper, Hannah",Face-to-Face,,,
202690,HIST 213,THE TWENTIETH-CENTURY WORLD,,,MW,8:30 AM - 9:50 AM,CKB 222,,35,,"Fuller, Frank",Face-to-Face,,,
202690,TRAN 603,INTRO URBAN TRANS PLAN,,,R,6:00 PM - 8:50 PM,CKB 222,,35,,"Chien, I Jy",Face-to-Face,,,
202690,FYS SEM,FIRST-YEAR SEMINAR,,,T,2:30 PM - 3:50 PM,CKB 222,,35,,"Marshall, Melissa",Face-to-Face,,,
202690,EM 633,LEGAL ASPCTS OF HLT SFTY,,,T,6:00 PM - 8:50 PM,CKB 222,,35,,"Kothari, Prakash",Face-to-Face,,,
202690,MATH 279,STATS &PROBABILITY FOR ENGR,,,T,9:15 AM - 11:20 AM,CKB 222,,35,,"Pole, Andrew",Face-to-Face,,,
202690,MATH 676,ADV ORDINARY DIFFE EQ,,,TF,4:00 PM - 5:20 PM,CKB 222,,35,,"Goodman, Roy",Face-to-Face,,,
202690,MATH 333,PROBABILITY AND STATISTICS,,,TR,11:30 AM - 12:50 PM,CKB 222,,35,,"Natarajan, Padma",Face-to-Face,,,
202690,ENGL 101,INTRO TO ACADEMIC WRITING,,,TR,1:00 PM - 2:20 PM,CKB 222,,35,,"Bruzzano, Carol",Face-to-Face,,,
202690,FYS SEM,FIRST-YEAR SEMINAR,,,W,1:00 PM - 2:20 PM,CKB 222,,35,,"Remoura, Richard",Face-to-Face,,,
202690,SDET 373,WEB APP DEVELOPMENT FOR MOBILE,,,W,6:00 PM - 10:05 PM,CKB 222,,35,,"Nasello, Daniel",Face-to-Face,,,
202690,ENGL 101,INTRO TO ACADEMIC WRITING,,,WF,10:00 AM - 11:20 AM,CKB 222,,35,,"Sela-Levavi, Shirli",Face-to-Face,,,
202690,IE 492,ENGINEERING MANAGEMENT,,,F,6:00 PM - 8:50 PM,CKB 223,,40,,"Desai, Amit",Face-to-Face,,,
202690,CE 461,PROFESSIONAL PRACTICE IN CEE,,,M,6:00 PM - 8:50 PM,CKB 223,,40,,"Prasad, Avinash",Face-to-Face,,,
202690,ARCH 546,DSGN & OPTMZNG BLD ENCL,,,MR,1:00 PM - 2:20 PM,CKB 223,,40,,"Ko, Won Hee",Face-to-Face,,,
202690,IS 117,INTRO TO WEBSITE DEVELOPMENT,,,MR,2:30 PM - 3:50 PM,CKB 223,,40,,"Chiusano, Mark",Face-to-Face,,,
202690,IS 117,INTRO TO WEBSITE DEVELOPMENT,,,MW,10:00 AM - 11:20 AM,CKB 223,,40,,"Chiusano, Mark",Face-to-Face,,,
202690,ENGL 102,INTRO TO RESEARCH WRITING,,,MW,8:30 AM - 9:50 AM,CKB 223,,40,,,Face-to-Face,,,
202690,ARCH 583,ST: CRITICAL THEORIES IN ARCHITECTURE,,,R,6:00 PM - 8:50 PM,CKB 223,,40,,"Gonzalez Escamilla, Norma",Face-to-Face,,,
202690,MATH 105,ELEM PROBABILITY & STATISTICS,,,TF,4:00 PM - 5:20 PM,CKB 223,,40,,"Kim, Chulmin",Face-to-Face,,,
202690,MATH 337,LINEAR ALGEBRA,,,TR,10:00 AM - 11:20 AM,CKB 223,,40,,"Askham, Travis",Face-to-Face,,,
202690,IS 117,INTRO TO WEBSITE DEVELOPMENT,,,TR,8:30 AM - 9:50 AM,CKB 223,,40,,"Williams, Keith",Face-to-Face,,,
202690,MATH 138,GENERAL CALCULUS I,,,W,6:00 PM - 8:50 PM,CKB 223,,40,,"Dandan, Raed",Face-to-Face,,,
202690,ME 432,AIR CONDITION & REFRIGERATION,,,WF,1:00 PM - 2:20 PM,CKB 223,,40,,"Zhu, Chao",Face-to-Face,,,
202690,CE 431,CONTRUCTION MATERIALS LAB,,,F,6:00 PM - 8:50 PM,CKB 226,,35,,"Prasad, Avinash",Face-to-Face,,,
202690,IS 265,INTRO TO INFORMATION SYSTEMS,,,M,6:00 PM - 8:50 PM,CKB 226,,35,,"Arroyo, Angela",Face-to-Face,,,
202690,PSY 210,INTRODUCTION TO PSYCHOLOGY- HONORS,,,MR,10:00 AM - 11:20 AM,CKB 226,,35,,"Dickerman, Laura Devorah",Face-to-Face,,,
202690,PSY 210,INTRODUCTION TO PSYCHOLOGY,,,MR,11:30 AM - 12:50 PM,CKB 226,,35,,"Anjum, Aruba",Face-to-Face,,,
202690,IS 218,BUILDING WEB APPLICATIONS,,,MR,2:30 PM - 3:50 PM,CKB 226,,35,,"Williams, Keith",Face-to-Face,,,
202690,HSS 404,"GRAPHIC NOVELS, COMICS AND CARTOONS",,,MR,4:00 PM - 5:20 PM,CKB 226,,35,,"Slovis, Jake",Face-to-Face,,,
202690,IT 101,INTRO TO INFORMTN TECHNOLGY,,,MW,1:00 PM - 2:20 PM,CKB 226,,35,,"Chiusano, Mark",Face-to-Face,,,
202690,IS 265,INTRO TO INFORMATION SYSTEMS,,,MW,8:30 AM - 9:50 AM,CKB 226,,35,,"Chiusano, Mark",Face-to-Face,,,
202690,BME 670,INTRO TO BIOMECH ENGR,,,R,6:00 PM - 8:50 PM,CKB 226,,35,,"Cecen, Berivan",Face-to-Face,,,
202690,YWCC 207,COMPUTING & EFFECTIVE COM,,,T,11:30 AM - 12:50 PM,CKB 226,,35,,"Kumar, Suresh",Face-to-Face,,,
202690,PSY 210,INTRODUCTION TO PSYCHOLOGY,,,TF,10:00 AM - 11:20 AM,CKB 226,,35,,"Cohen, Kaitlin",Face-to-Face,,,
202690,PSY 210,INTRODUCTION TO PSYCHOLOGY,,,TF,2:30 PM - 3:50 PM,CKB 226,,35,,"Cohen, Kaitlin",Face-to-Face,,,
202690,PSY 210,INTRODUCTION TO PSYCHOLOGY,,,TF,4:00 PM - 5:20 PM,CKB 226,,35,,"De La Cruz, Nurys",Face-to-Face,,,
202690,IS 333,SOCIAL NETWORK ANALYSIS,,,TF,8:30 AM - 9:50 AM,CKB 226,,35,,"Naderi, Azadeh",Face-to-Face,,,
202690,PSY 210,INTRODUCTION TO PSYCHOLOGY,,,TR,1:00 PM - 2:20 PM,CKB 226,,35,,"Morgenstern, Leonore",Face-to-Face,,,
202690,FYS SEM,FIRST-YEAR SEMINAR,,,W,10:00 AM - 11:20 AM,CKB 226,,35,,"Guerrero, Youthser",Face-to-Face,,,
202690,PHIL 334,ENGINEERING ETHICS,,,W,6:00 PM - 8:50 PM,CKB 226,,35,,"Leli, Tyler",Face-to-Face,,,
202690,BIOL 630,CRITICAL THINKING FOR LIFE SCI,,,MW,10:00 AM - 11:20 AM,CKB 302,,24,,"Fortune, Eric",Face-to-Face,,,
202690,BME 601,SEMINAR BIOMEDICAL ENGR,,,F,11:30 AM - 12:50 PM,CKB 303,,120,,"Chattaraj, Rajarshi",Face-to-Face,,,
202690,BME 791,GRADUATE SEMINAR,,,F,11:30 AM - 12:50 PM,CKB 303,,120,,,Face-to-Face,,,
202690,CHE 791,GRADUATE SEMINAR,,,M,2:30 PM - 3:50 PM,CKB 303,,120,,"Wang, Xianqin",Face-to-Face,,,
202690,CS 114,INTRO TO COMPUTER SCIENCE II,,,MW,10:00 AM - 11:20 AM,CKB 303,,120,,"Zaidenberg, Ayelet",Face-to-Face,,,
202690,CS 114,INTRO TO COMPUTER SCIENCE II - HONORS,,,MW,10:00 AM - 11:20 AM,CKB 303,,120,,"Zaidenberg, Ayelet",Face-to-Face,,,
202690,CE 611,PROJ PLANNING & CONTROL,,,R,6:00 PM - 8:50 PM,CKB 303,,120,,"Hanna, Christopher",Face-to-Face,,,
202690,BIOL 791,BIOLOGY SEMINAR,,,T,1:00 PM - 2:20 PM,CKB 303,,120,,,Face-to-Face,,,
202690,CHEM 791,GRADUATE SEMINAR,,,W,1:00 PM - 2:20 PM,CKB 303,,120,,"Jimenez Aleman, Guillermo",Face-to-Face,,,
202690,EVSC 791,ENVIRONMENTAL SCIENCE SEMINAR,,,W,1:00 PM - 2:20 PM,CKB 303,,120,,"Jimenez Aleman, Guillermo",Face-to-Face,,,
202690,PSY 389,PSYCHOPATHOLOGY,,,F,8:30 AM - 11:20 AM,CKB 310,,30,,"Lombana, Jessyka",Face-to-Face,,,
202690,FYS SEM,FIRST-YEAR SEMINAR,,,M,11:30 AM - 12:50 PM,CKB 310,,30,,"Perez, Nayelli",Face-to-Face,,,
202690,FYS SEM,FIRST-YEAR SEMINAR,,,M,1:00 PM - 2:20 PM,CKB 310,,30,,"Hanks, Tia",Face-to-Face,,,
202690,FYS SEM,FIRST-YEAR SEMINAR,,,M,2:30 PM - 3:50 PM,CKB 310,,30,,"Morris, Hannah",Face-to-Face,,,
202690,ARCH 543,LIGHTING,,,M,6:00 PM - 8:50 PM,CKB 310,,30,,,Face-to-Face,,,
202690,FYS SEM,FIRST-YEAR SEMINAR,,,R,11:30 AM - 12:50 PM,CKB 310,,30,,"Hernandez, Miosotis",Face-to-Face,,,
202690,FYS SEM,FIRST-YEAR SEMINAR,,,R,1:00 PM - 2:20 PM,CKB 310,,30,,"Vega, Nancy",Face-to-Face,,,
202690,IS 350,"COMPUTERS, SOCIETY AND ETHICS - HONORS",,,R,6:00 PM - 8:50 PM,CKB 310,,30,,"Yuan, Chenxi",Face-to-Face,,,
202690,FYS SEM,FIRST-YEAR SEMINAR,,,T,11:30 AM - 12:50 PM,CKB 310,,30,,"Mongelli, Kelly",Face-to-Face,,,
202690,HSS 404,HISTORY SEMINAR: ENVIRONMENTAL JUSTICE IN POSTWAR AMERICA,,,TR,10:00 AM - 11:20 AM,CKB 310,,30,,"Maher, Neil",Face-to-Face,,,
202690,HIST 377,CITIES IN HISTORY - HONORS,,,TR,2:30 PM - 3:50 PM,CKB 310,,30,,"Maher, Neil",Face-to-Face,,,
202690,DS 100,BASIC FOUNDATIONS OF DS,,,TR,4:00 PM - 5:20 PM,CKB 310,,30,,"Kaur, Ravneet",Face-to-Face,,,
202690,FYS SEM,FIRST-YEAR SEMINAR,,,W,10:00 AM - 11:20 AM,CKB 310,,30,,"Jones, Nicholas",Face-to-Face,,,
202690,FYS SEM,FIRST-YEAR SEMINAR,,,W,11:30 AM - 12:50 PM,CKB 310,,30,,"Encalada, Veronica",Face-to-Face,,,
202690,SET 401,FUNDAMENTALS OF GEODESY,,,W,6:00 PM - 8:50 PM,CKB 310,,30,,"Potts, Laramie",Face-to-Face,,,
202690,DS 100,BASIC FOUNDATIONS OF DS,,,WF,1:00 PM - 2:20 PM,CKB 310,,30,,"Hou, Xinying",Face-to-Face,,,
202690,IT 101,INTRO TO INFORMTN TECHNOLGY,,,M,6:00 PM - 8:50 PM,CKB 313,,35,,"Nazzaro, Mark",Face-to-Face,,,
202690,PSY 210,INTRODUCTION TO PSYCHOLOGY,,,MR,10:00 AM - 11:20 AM,CKB 313,,35,,"Anjum, Aruba",Face-to-Face,,,
202690,PSY 210,INTRODUCTION TO PSYCHOLOGY,,,MR,1:00 PM - 2:20 PM,CKB 313,,35,,"Lyons, Delina",Face-to-Face,,,
202690,PSY 210,INTRODUCTION TO PSYCHOLOGY,,,MR,2:30 PM - 3:50 PM,CKB 313,,35,,"Dickerman, Laura Devorah",Face-to-Face,,,
202690,COM 313,WRITING IN THE WORKPLACE,,,MR,8:30 AM - 9:50 AM,CKB 313,,35,,"Crovetto, Christina",Face-to-Face,,,
202690,MATH 645,ANALYSIS,,,MW,11:30 AM - 12:50 PM,CKB 313,,35,,"Shirokoff, David",Face-to-Face,,,
202690,FYS SEM,FIRST-YEAR SEMINAR,,,R,11:30 AM - 12:50 PM,CKB 313,,35,,"Hunter, Ashley",Face-to-Face,,,
202690,MATH 659,SURVIVAL ANALYSIS,,,R,6:00 PM - 8:50 PM,CKB 313,,35,,"Subramanian, Sundarraman",Face-to-Face,,,
202690,YWCC 207,COMPUTING & EFFECTIVE COM,,,T,1:00 PM - 2:20 PM,CKB 313,,35,,"Kumar, Suresh",Face-to-Face,,,
202690,DD 443,2-DIMENSIONAL CHARACTER DESIGN,,,T,6:00 PM - 8:50 PM,CKB 313,,35,,"Rodrigues, Miguel",Face-to-Face,,,
202690,IS 448,USABILITY & MEASURING UX,,,T,8:30 AM - 11:20 AM,CKB 313,,35,,"Ohshiro, Keita",Face-to-Face,,,
202690,PSY 210,INTRODUCTION TO PSYCHOLOGY,,,TF,4:00 PM - 5:20 PM,CKB 313,,35,,"Maret, Stephen",Face-to-Face,,,
202690,COM 313,WRITING IN THE WORKPLACE,,,W,6:00 PM - 8:50 PM,CKB 313,,35,,"Chatterjee, Annie",Face-to-Face,,,
202690,IS 218,BUILDING WEB APPLICATIONS,,,WF,10:00 AM - 11:20 AM,CKB 313,,35,,"Williams, Keith",Face-to-Face,,,
202690,IT 101,INTRO TO INFORMTN TECHNOLGY,,,WF,1:00 PM - 2:20 PM,CKB 313,,35,,"Giannoglou, Karl",Face-to-Face,,,
202690,IT 101,INTRO TO INFORMTN TECHNOLGY,,,WF,8:30 AM - 9:50 AM,CKB 313,,35,,"Licciardello, Thomas",Face-to-Face,,,
202690,ME 611,DYNAM OF INCOMP FLUIDS,,,F,6:00 PM - 8:50 PM,CKB 314,,33,,"Singh, Pushpendra",Face-to-Face,,,
202690,YWCC 307,PROFESSIONAL DEV IN COMPUTING,,,F,8:30 AM - 9:50 AM,CKB 314,,33,,"Nemane, Nikita",Face-to-Face,,,
202690,YWCC 207,COMPUTING & EFFECTIVE COM,,,M,2:30 PM - 3:50 PM,CKB 314,,33,,"Nammour, Shannon",Face-to-Face,,,
202690,ME 618,ST: FLEXIBLE ELECTRONICS FOR BIOMEDICAL SYSTEMS,,,M,6:00 PM - 8:50 PM,CKB 314,,33,,"Dong, Lin",Face-to-Face,,,
202690,IT 485,ST: INTELLIGENT INTERNET APPLICATIONS,,,MW,11:30 AM - 12:50 PM,CKB 314,,33,,"Vohra, Rosemina",Face-to-Face,,,
202690,MATH 441,ACTUARIAL MATHEMATICS I,,,MW,1:00 PM - 2:20 PM,CKB 314,,33,,"Bui, Trang",Face-to-Face,,,
202690,EVSC 306,ENVIRONMENTAL FORENSICS,,,R,6:00 PM - 8:50 PM,CKB 314,,33,,"Ogulin, Steven",Face-to-Face,,,
202690,COM 325,ST: STORYTELLING IN COMMUNCATIONS,,,T,6:00 PM - 8:50 PM,CKB 314,,33,,"Tobiessen, Joshua",Face-to-Face,,,
202690,ID 216,MODELING AND PROTOTYPING,,,TF,10:00 AM - 11:20 AM,CKB 314,,33,,,Face-to-Face,,,
202690,EVSC 335,ENVIRONMENTAL LAW,,,TR,11:30 AM - 12:50 PM,CKB 314,,33,,"Vaccaro, Richard",Face-to-Face,,,
202690,HIST 325,ST: EGYPT: FROM SCORPION KING TO ARAB SPRING,,,TR,2:30 PM - 3:50 PM,CKB 314,,33,,"Kent, Scott",Face-to-Face,,,
202690,HIST 384,INVENTION AND REGULATION,,,TR,8:30 AM - 9:50 AM,CKB 314,,33,,"Mitchell, Mary",Face-to-Face,,,
202690,CET 423,CONSTRUCTION SAFETY,,,W,6:00 PM - 10:05 PM,CKB 314,,33,,"Feng, Yanxiao",Face-to-Face,,,
202690,YWCC 307,PROFESSIONAL DEV IN COMPUTING,,,F,2:30 PM - 3:50 PM,CKB 315,,30,,"Tolboom, Ryan",Face-to-Face,,,
202690,CET 322,CONSTRUCTN REGS & STANDA,,,F,6:00 PM - 8:50 PM,CKB 315,,30,,"Valoura, Melissa",Face-to-Face,,,
202690,FYS SEM,FIRST-YEAR SEMINAR,,,M,10:00 AM - 11:20 AM,CKB 315,,30,,"Aceridano, Alannah",Face-to-Face,,,
202690,FYS SEM,FIRST-YEAR SEMINAR,,,M,11:30 AM - 12:50 PM,CKB 315,,30,,"Williams, Jacinta",Face-to-Face,,,
202690,FYS SEM,FIRST-YEAR SEMINAR,,,M,1:00 PM - 2:20 PM,CKB 315,,30,,"Richardson, Adrienne",Face-to-Face,,,
202690,FYS SEM,FIRST-YEAR SEMINAR,,,M,2:30 PM - 3:50 PM,CKB 315,,30,,"Pyar, Janelle",Face-to-Face,,,
202690,LIT 325,ST: TRUE CRIME: TRUE CRIME AND CRIMINAL JUSTICE IN AMERICA,,,MR,4:00 PM - 5:20 PM,CKB 315,,30,,"DiLorenzo, Maria",Face-to-Face,,,
202690,FYS SEM,FIRST-YEAR SEMINAR,,,R,10:00 AM - 11:20 AM,CKB 315,,30,,"Kariuki, James",Face-to-Face,,,
202690,FYS SEM,FIRST-YEAR SEMINAR,,,R,11:30 AM - 12:50 PM,CKB 315,,30,,"Bass, Teri",Face-to-Face,,,
202690,FYS SEM,FIRST-YEAR SEMINAR,,,R,1:00 PM - 2:20 PM,CKB 315,,30,,"McCormick, Shanna",Face-to-Face,,,
202690,FYS SEM,FIRST-YEAR SEMINAR,,,R,2:30 PM - 3:50 PM,CKB 315,,30,,"Marmelo, Joana",Face-to-Face,,,
202690,FYS SEM,FIRST-YEAR SEMINAR,,,T,10:00 AM - 11:20 AM,CKB 315,,30,,"Sawhney, Simran",Face-to-Face,,,
202690,FYS SEM,FIRST-YEAR SEMINAR,,,T,11:30 AM - 12:50 PM,CKB 315,,30,,"Kudelka, Michelle",Face-to-Face,,,
202690,FYS SEM,FIRST-YEAR SEMINAR,,,T,1:00 PM - 2:20 PM,CKB 315,,30,,"Gangitano, Grace",Face-to-Face,,,
202690,FYS SEM,FIRST-YEAR SEMINAR,,,T,2:30 PM - 3:50 PM,CKB 315,,30,,"Spilman, Kathleen",Face-to-Face,,,
202690,COM 312,EFFECTIVE COMMUNICATION,,,T,6:00 PM - 8:50 PM,CKB 315,,30,,"Edmondson, Michael",Face-to-Face,,,
202690,CS 683,SOFTWARE PROJECT MANAGEMENT,,,TF,4:00 PM - 5:20 PM,CKB 315,,30,,"Naik, Kamlesh",Face-to-Face,,,
202690,PSY 325,ST: STRESS PERFORMANCE MANAGEMENT,,,TR,8:30 AM - 9:50 AM,CKB 315,,30,,"Cohen, Kaitlin",Face-to-Face,,,
202690,FYS SEM,FIRST-YEAR SEMINAR,,,W,11:30 AM - 12:50 PM,CKB 315,,30,,"Shuster, Benjamin",Face-to-Face,,,
202690,FIN 611,INTRO TO TOPICS IN FIN TECH,,,W,6:00 PM - 8:50 PM,CKB 315,,30,,"Uddin, Ajim",Face-to-Face,,,
202690,CS 100,ROADMAP TO COMPUTING - HONORS,,,WF,1:00 PM - 2:20 PM,CKB 315,,30,,"Spirollari, Junilda",Face-to-Face,,,
202690,BIOL 376,GEOGRAPHIC INFORMATION SYSTEMS,,,F,1:00 PM - 3:50 PM,CKB 316,,12,,"Tai, Xiaonan",Face-to-Face,,,
202690,CS 485,ST: COUNTER HACKING TECHNIQUES,,,F,2:30 PM - 5:20 PM,CKB 317,,40,,"Zhang, Haotian",Face-to-Face,,,
202690,CS 647,COUNTER HACKING TECHNIQUES,,,F,2:30 PM - 5:20 PM,CKB 317,,40,,"Zhang, Haotian",Face-to-Face,,,
202690,IE 355,HUMAN FACTORS IN IE,,,M,6:00 PM - 8:50 PM,CKB 317,,40,,"Ranky, Paul",Face-to-Face,,,
202690,BME 382,ENGINEERING PHYSIOLOGY II,,,MW,10:00 AM - 11:20 AM,CKB 317,,40,,"Khayat, Ghazaleh",Face-to-Face,,,
202690,ENE 262,INTRO TO ENVIRONMENTAL ENGR,,,T,6:00 PM - 10:05 PM,CKB 317,,40,,"Zhang, Wen",Face-to-Face,,,
202690,COM 312,EFFECTIVE COMMUNICATION,,,TR,10:00 AM - 11:20 AM,CKB 317,,40,,"Tobiessen, Joshua",Face-to-Face,,,
202690,MATH 322,DIFF EQUATIONS FOR APPLICATION,,,TR,2:30 PM - 3:50 PM,CKB 317,,40,,"Potocki-Dul, Magdallena",Face-to-Face,,,
202690,IT 220,WIRELESS NETWORKS,,,TR,4:00 PM - 5:20 PM,CKB 317,,40,,"Martino, Daniel",Face-to-Face,,,
202690,MNET 414,INDUSTRIAL COST ANALYSIS,,,W,6:00 PM - 8:50 PM,CKB 317,,40,,"Zeiner, Christopher",Face-to-Face,,,
202690,AS 443,NATL SEC AFFAIRS & PREP ACTIVE,,,W,7:00 AM - 9:50 AM,CKB 317,,40,,"Merchant, Azeem",Face-to-Face,,,
202690,CS 375,INTRO TO MACHINE LEARNING - HONORS,,,WF,1:00 PM - 2:20 PM,CKB 317,,40,,"Murphy, Kieran",Face-to-Face,,,
202690,HSS 404,MYSTERY WRITERS ON SCREEN,,,M,6:00 PM - 8:50 PM,CKB 320,,35,,"Esche, John",Face-to-Face,,,
202690,DS 688,ADVANCED FEDML,,,MR,2:30 PM - 3:50 PM,CKB 320,,35,,"Wang, Lingxiao",Face-to-Face,,,
202690,COM 313,WRITING IN THE WORKPLACE- HONORS,,,MW,11:30 AM - 12:50 PM,CKB 320,,35,,"Laudenbach, Michael",Face-to-Face,,,
202690,CS 474,INTRO TO GENAI - HONORS,,,MW,1:00 PM - 2:20 PM,CKB 320,,35,,"Musialski, Przemyslaw",Face-to-Face,,,
202690,ME 616,MATRIX TENSOR METHODS IN ME,,,R,6:00 PM - 8:50 PM,CKB 320,,35,,"Ahmadpoor, Fatemeh",Face-to-Face,,,
202690,PSY 210,INTRODUCTION TO PSYCHOLOGY,,,TF,2:30 PM - 3:50 PM,CKB 320,,35,,"Maret, Stephen",Face-to-Face,,,
202690,BIOL 338,ECOLOGY OF DINING HALL,,,TR,10:00 AM - 11:20 AM,CKB 320,,35,,"Stanko, Maria",Face-to-Face,,,
202690,COM 325,ST: PROJECT LEADERSHIP,,,TR,11:30 AM - 12:50 PM,CKB 320,,35,,"Kramer, William",Face-to-Face,,,
202690,IT 114,ADV PROGRAM FOR INFOR TECH,,,TR,1:00 PM - 2:20 PM,CKB 320,,35,,"Toegel, Matt",Face-to-Face,,,
202690,STS 325,"ST: ANIME, ADAPTATION, AND JAPAN'S MEDIA MIX",,,TR,4:00 PM - 5:20 PM,CKB 320,,35,,"Kellett, Zackary",Face-to-Face,,,
202690,ECE 442,POWER SYSTEMS,,,TR,8:30 AM - 9:50 AM,CKB 320,,35,,"Hubbi, Walid",Face-to-Face,,,
202690,ENGL 101,INTRO TO ACADEMIC WRITING,,,WF,10:00 AM - 11:20 AM,CKB 320,,35,,"Jennings, Collin",Face-to-Face,,,
202690,COM 380,MUSIC AND SOCIETY,,,WF,8:30 AM - 9:50 AM,CKB 320,,35,,"Valencia, Gonzalo",Face-to-Face,,,
202690,BIOL 202,FOUND OF BIOL: CELL & MOLECULA,,,M,6:00 PM - 8:50 PM,CKB 326,,24,,"Konsolaki, Mary",Face-to-Face,,,
202690,BIOL 202,FOUND OF BIOL: CELL & MOLECULA,,,MTW,8:30 AM - 11:20 AM,CKB 326,,24,,"Konsolaki, Mary",Face-to-Face,,,
202690,BIOL 475,ECOLOGICAL FIELD METHODS - HONORS,,,F,1:00 PM - 5:20 PM,CKB 328,,24,,"Stanko, Maria",Face-to-Face,,,
202690,BIOL 206,FOUND OF BIO:ECOL & EVOL LAB,,,F,8:30 AM - 11:20 AM,CKB 328,,24,,"Devan, Caroline",Face-to-Face,,,
202690,BIOL 328,ORNITHOLOGY,,,M,1:00 PM - 5:20 PM,CKB 328,,24,,"Bunker, Daniel",Face-to-Face,,,
202690,BIOL 206,FOUND OF BIO:ECOL & EVOL LAB,,,MW,10:00 AM - 12:50 PM,CKB 328,,24,,"Devan, Caroline",Face-to-Face,,,
202690,BIOL 484,EVOL OF ANIMAL BEHAVIOR LAB - HONORS,,,T,1:00 PM - 5:20 PM,CKB 328,,24,,"Devan, Caroline",Face-to-Face,,,
202690,BIOL 206,FOUND OF BIO:ECOL & EVOL LAB,,,T,6:00 PM - 8:50 PM,CKB 328,,24,,"Devan, Caroline",Face-to-Face,,,
202690,CE 494,CIVIL ENGR DESIGN I,,,M,6:00 PM - 8:50 PM,CKB 330,,43,,"Baladi, Joseph",Face-to-Face,,,
202690,CE 443,FOUNDATION ENGINEERING DESIGN,,,MR,2:30 PM - 3:50 PM,CKB 330,,43,,"Ciancia, Andrew",Face-to-Face,,,
202690,ENGL 100,"INTRO TO ACADEMIC RDG, WRTG",,,MW,10:00 AM - 11:20 AM,CKB 330,,43,,"Blender, Roberta",Face-to-Face,,,
202690,MATH 107,UNIVERSITY MATHEMATICS A,,,MW,11:30 AM - 12:50 PM,CKB 330,,43,,"Nair, Sudha",Face-to-Face,,,
202690,BME 427,BIOTRANSPORT,,,MW,8:30 AM - 9:50 AM,CKB 330,,43,,"Khayat, Ghazaleh",Face-to-Face,,,
202690,IT 331,PRIVACY & INFORMTN TECHNLGY,,,R,6:00 PM - 8:50 PM,CKB 330,,43,,"Campos, Nicole",Face-to-Face,,,
202690,CHE 626,MATH METHODS IN CHEM ENG,,,T,6:00 PM - 8:50 PM,CKB 330,,43,,"Cimino, Rich",Face-to-Face,,,
202690,SDET 101,FUND OF SOFT AND DATA,,,TF,2:30 PM - 4:35 PM,CKB 330,,43,,"Perumalsamy, Anuradha",Face-to-Face,,,
202690,MATH 333,PROBABILITY AND STATISTICS,,,TR,10:00 AM - 11:20 AM,CKB 330,,43,,"Guo, Wenge",Face-to-Face,,,
202690,HIST 213,THE TWENTIETH-CENTURY WORLD,,,TR,11:30 AM - 12:50 PM,CKB 330,,43,,"Kostopoulou, Ilektra",Face-to-Face,,,
202690,ARCH 650,ECONOMY OF BUILDING,,,W,6:00 PM - 8:50 PM,CKB 330,,43,,"Hutchinson, Robert",Face-to-Face,,,
202690,HSS 404,CYBORG ANTHROPOLOGY,,,WF,1:00 PM - 2:20 PM,CKB 330,,43,,"Brooks, Charles",Face-to-Face,,,
202690,DS 644,INTRODUCTION TO BIG DATA,,,F,1:00 PM - 3:50 PM,CKB 341,,30,,"Li, Yajuan",Face-to-Face,,,
202690,DS 450,DATA VISUALIZATION,,,F,8:30 AM - 11:20 AM,CKB 341,,30,,"Islam, Akm",Face-to-Face,,,
202690,FYS SEM,FIRST-YEAR SEMINAR,,,M,11:30 AM - 12:50 PM,CKB 341,,30,,"Guedes, Kody",Face-to-Face,,,
202690,IE 665,APPLIED INDUSTRIAL ERGONOMICS,,,M,6:00 PM - 8:50 PM,CKB 341,,30,,"Yin, Wei",Face-to-Face,,,
202690,FYS SEM,FIRST-YEAR SEMINAR,,,R,11:30 AM - 12:50 PM,CKB 341,,30,,"Baldwin, Ryan",Face-to-Face,,,
202690,CS 630,OPERATING SYSTEMS DESIGN,,,R,8:30 AM - 11:20 AM,CKB 341,,30,,"Naik, Kamlesh",Face-to-Face,,,
202690,FYS SEM,FIRST-YEAR SEMINAR,,,T,1:00 PM - 2:20 PM,CKB 341,,30,,"Marmelo, Joana",Face-to-Face,,,
202690,ARCH 557,PROBLEMS IN MODERN HOUSING,,,T,6:00 PM - 8:50 PM,CKB 341,,30,,"Diskina, Viktoria",Face-to-Face,,,
202690,CE 432,STEEL DESIGN,,,TR,2:30 PM - 3:50 PM,CKB 341,,30,,"Wecharatana, Methi",Face-to-Face,,,
202690,PSY 325,ST: HUMAN SEXUALITY,,,TR,4:00 PM - 5:20 PM,CKB 341,,30,,"Oland, Brian",Face-to-Face,,,
202690,FYS SEM,FIRST-YEAR SEMINAR,,,W,1:00 PM - 2:20 PM,CKB 341,,30,,"Ceballo, Samantha",Face-to-Face,,,
202690,IS 247,DESIGNING THE USER EXPERIENCE,,,MR,2:30 PM - 3:50 PM,CKB G-08,,78,,"Spryszynski, Adam",Face-to-Face,,,
202690,BIOL 280,ECOLOGY,,,MW,10:00 AM - 11:20 AM,CKB G-08,,78,,"Bunker, Daniel",Face-to-Face,,,
202690,IT 490,SYSTEMS INTEGRATION,,,MW,11:30 AM - 12:50 PM,CKB G-08,,78,,"Kehoe, DJ",Face-to-Face,,,
202690,IS 247,DESIGNING THE USER EXPERIENCE,,,TR,10:00 AM - 11:20 AM,CKB G-08,,78,,"Spryszynski, Adam",Face-to-Face,,,
202690,IS 247,DESIGNING THE USER EXPERIENCE,,,TR,11:30 AM - 12:50 PM,CKB G-08,,78,,"Pradhan, Alisha",Face-to-Face,,,
202690,IS 247,DESIGNING THE USER EXPERIENCE - HONORS,,,TR,11:30 AM - 12:50 PM,CKB G-08,,78,,"Pradhan, Alisha",Face-to-Face,,,
202690,BIOL 352,GENETICS,,,TR,4:00 PM - 5:20 PM,CKB G-08,,78,,"Nelson, Michael",Face-to-Face,,,
202690,BIOL 498,ST: HUMAN ANATOMY,,,W,6:00 PM - 8:50 PM,CKB G-08,,78,,"Heffernan, Corey",Face-to-Face,,,
202690,BIOL 650,HUMAN ANATOMY,,,W,6:00 PM - 8:50 PM,CKB G-08,,78,,"Heffernan, Corey",Face-to-Face,,,
202690,BIOL 320,DISCOVERING BIOL RESEARCH - HONORS,,,WF,8:30 AM - 9:50 AM,CKB G-08,,78,,"Garnier, Simon",Face-to-Face,,,
202690,ENGL 102,INTRO TO RESEARCH WRITING,,,F,6:00 PM - 8:50 PM,CKB G-17A,,25,,"Mahfouz, Sabrina",Face-to-Face,,,
202690,ENGL 101,INTRO TO ACADEMIC WRITING,,,MR,2:30 PM - 3:50 PM,CKB G-17A,,25,,"Smith-Henry, Dawn",Face-to-Face,,,
202690,ENGL 100,"INTRO TO ACADEMIC RDG, WRTG",,,MW,10:00 AM - 11:20 AM,CKB G-17A,,25,,"Chen, Kim",Face-to-Face,,,
202690,ENGL 101,INTRO TO ACADEMIC WRITING,,,MW,11:30 AM - 12:50 PM,CKB G-17A,,25,,"Chen, Kim",Face-to-Face,,,
202690,ENGL 101,INTRO TO ACADEMIC WRITING,,,MW,8:30 AM - 9:50 AM,CKB G-17A,,25,,,Face-to-Face,,,
202690,ENGL 101,INTRO TO ACADEMIC WRITING,,,R,6:00 PM - 8:50 PM,CKB G-17A,,25,,"Coimbra, Natalie",Face-to-Face,,,
202690,ENGL 102,INTRO TO RESEARCH WRITING,,,T,6:00 PM - 8:50 PM,CKB G-17A,,25,,"Coimbra, Natalie",Face-to-Face,,,
202690,ENGL 100,"INTRO TO ACADEMIC RDG, WRTG",,,TF,1:00 PM - 2:20 PM,CKB G-17A,,25,,"Fischl-Kruger, Jennifer",Face-to-Face,,,
202690,ENGL 101,INTRO TO ACADEMIC WRITING,,,TF,2:30 PM - 3:50 PM,CKB G-17A,,25,,"English, Joshua",Face-to-Face,,,
202690,ENGL 101,INTRO TO ACADEMIC WRITING,,,TR,10:00 AM - 11:20 AM,CKB G-17A,,25,,"Lavender, Kaitlyn",Face-to-Face,,,
202690,ENGL 101,INTRO TO ACADEMIC WRITING,,,TR,11:30 AM - 12:50 PM,CKB G-17A,,25,,"Lavender, Kaitlyn",Face-to-Face,,,
202690,ENGL 101,INTRO TO ACADEMIC WRITING,,,TR,4:00 PM - 5:20 PM,CKB G-17A,,25,,"Coppola, Michael",Face-to-Face,,,
202690,ENGL 101,INTRO TO ACADEMIC WRITING,,,TR,8:30 AM - 9:50 AM,CKB G-17A,,25,,"Lavender, Kaitlyn",Face-to-Face,,,
202690,ENGL 102,INTRO TO RESEARCH WRITING,,,W,6:00 PM - 8:50 PM,CKB G-17A,,25,,"Tress, David",Face-to-Face,,,
202690,CE NEXT,CE NEXT GENERATION,,,T,6:30 PM - 8:35 PM,COLT 210,,20,,"Marhaba, Taha",Face-to-Face,,,
202690,CE 320A,HYDRAULICS LABORATORY,,,M,6:00 PM - 8:50 PM,COLT 311,,24,,"Shiels, Brian",Face-to-Face,,,
202690,CE 320A,HYDRAULICS LABORATORY,,,R,1:00 PM - 3:50 PM,COLT 311,,24,,"Borgaonkar, Ashish",Face-to-Face,,,
202690,CE 320A,HYDRAULICS LABORATORY,,,W,6:00 PM - 8:50 PM,COLT 311,,24,,"Wiszowaty, Piotr",Face-to-Face,,,
202690,CE 341A,GEOTECHNICAL ENGINEERING LAB,,,F,6:00 PM - 8:50 PM,COLT 314,,20,,,Face-to-Face,,,
202690,CE 341A,GEOTECHNICAL ENGINEERING LAB,,,WF,8:30 AM - 11:20 AM,COLT 314,,20,,,Face-to-Face,,,
202690,CE 210,CONSTRN MATRLS & PROCDRS,,,MF,10:00 AM - 11:20 AM,COLT 416,,45,,"Hassane Assaad, Rayan",Face-to-Face,,,
202690,CE 210,CONSTRN MATRLS & PROCDRS,,,MW,8:30 AM - 9:50 AM,COLT 416,,45,,"Golon, Frank",Face-to-Face,,,
202690,CE 321,WATER RESOURCES ENGR,,,T,6:00 PM - 8:50 PM,COLT 416,,45,,"Nader, Wassim",Face-to-Face,,,
202690,CE 333,REINFORCED CONCRETE DESIGN,,,TR,10:00 AM - 11:20 AM,COLT 416,,45,,"Bandelt, Matthew",Face-to-Face,,,
202690,CE 417,OSHA IN CONSTRUCTION AND CE,,,TR,11:30 AM - 12:50 PM,COLT 416,,45,,"Golon, Frank",Face-to-Face,,,
202690,CE 100,INTRODUCTION TO CIVIL ENGINEER,,,TR,1:00 PM - 3:05 PM,COLT 416,,45,,"Golon, Frank",Face-to-Face,,,
202690,PE 211,INTRO BOWLING & ARCHERY,,,R,6:00 PM - 7:20 PM,CTR BOWL,,20,,"Niemoczynski, Stefana",Face-to-Face,,,
202690,MATH 211,CALCULUS III A,,,TR,2:30 PM - 3:50 PM,CULM 110,,37,,"Boubendir, Yassine",Face-to-Face,,,
202690,SDET 420,SOFTWARE WEB APPLICATIONS I,,,W,6:00 PM - 10:05 PM,CULM 110,,37,,"Aslam, Ersal",Face-to-Face,,,
202690,PHIL 337,WORLD RELIGIONS,,,WF,10:00 AM - 11:20 AM,CULM 110,,37,,"Brooks, Charles",Face-to-Face,,,
202690,MATH 644,REGRESSION ANALYSIS METHODS,,,M,6:00 PM - 8:50 PM,CULM 111,,35,,"Wang, Antai",Face-to-Face,,,
202690,IT 302,ADVANCED INTERNET APPLICATIONS,,,MW,10:00 AM - 11:20 AM,CULM 111,,35,,"Vohra, Rosemina",Face-to-Face,,,
202690,HSS 404,HISTORY SEMINAR: MURDER IN U.S. HISTORY,,,MW,1:00 PM - 2:20 PM,CULM 111,,35,,"Lefkovitz, Alison",Face-to-Face,,,
202690,CE 332,STRUCTURAL ANALYSIS,,,R,6:00 PM - 8:50 PM,CULM 111,,35,,"Saadeghvaziri, Mohamad",Face-to-Face,,,
202690,HSS 404,HISTORY SEMINAR: INTERNATIONAL RELATIONS,,,T,6:00 PM - 8:50 PM,CULM 111,,35,,"Schweizer, Karl",Face-to-Face,,,
202690,PHIL 334,ENGINEERING ETHICS- HONORS,,,TR,10:00 AM - 11:20 AM,CULM 111,,35,,"Holbrook, Britt",Face-to-Face,,,
202690,DS 650,DATA VISUALIZATION,,,TR,11:30 AM - 12:50 PM,CULM 111,,35,,"Islam, Akm",Face-to-Face,,,
202690,COM 312,EFFECTIVE COMMUNICATION,,,TR,1:00 PM - 2:20 PM,CULM 111,,35,,"Tobiessen, Joshua",Face-to-Face,,,
202690,MATH 346,MATHEMATICS OF FINANCE I,,,TR,8:30 AM - 9:50 AM,CULM 111,,35,,"Mahmood, Sirag",Face-to-Face,,,
202690,MATH 222,DIFFERENTIAL EQUATIONS,,,WF,6:00 PM - 7:55 PM,CULM 111,,35,,"Bouayad, Rachid",Face-to-Face,,,
202690,PHIL 337,WORLD RELIGIONS,,,WF,8:30 AM - 9:50 AM,CULM 111,,35,,"Brooks, Charles",Face-to-Face,,,
202690,COM 324,PODCAST PRACTICUM,,,T,6:00 PM - 8:50 PM,CULM 311,,18,,"Funkhouser, Christopher",Face-to-Face,,,
202690,COM 381,ELECTRONIC MUSIC IN PRACTICE,,,TR,11:30 AM - 12:50 PM,CULM 311,,18,,"Noordzy, Michael",Face-to-Face,,,
202690,COM 381,ELECTRONIC MUSIC IN PRACTICE,,,TR,1:00 PM - 2:20 PM,CULM 311,,18,,"Noordzy, Michael",Face-to-Face,,,
202690,CS 482,DATA MINING,,,F,1:00 PM - 3:50 PM,CULM LECT 1,,65,,"Bakhshaliyev, Khalid",Face-to-Face,,,
202690,CHEM 243,ORGANIC CHEMISTRY I,,,F,6:00 PM - 8:50 PM,CULM LECT 1,,65,,"Zhang, Yuanwei",Face-to-Face,,,
202690,ME 305,INTRO TO SYSTEM DYNAMICS,,,M,6:00 PM - 8:50 PM,CULM LECT 1,,65,,"Akhtar, Adeel",Face-to-Face,,,
202690,IT 220,WIRELESS NETWORKS,,,M,8:30 AM - 11:20 AM,CULM LECT 1,,65,,"Licciardello, Thomas",Face-to-Face,,,
202690,CS 351,INTRODUCTION TO CYBERSECURITY,,,MW,11:30 AM - 12:50 PM,CULM LECT 1,,65,,"Malkin, Nathan",Face-to-Face,,,
202690,CS 351,INTRODUCTION TO CYBERSECURITY - HONORS,,,MW,11:30 AM - 12:50 PM,CULM LECT 1,,65,,"Malkin, Nathan",Face-to-Face,,,
202690,BME 111,INTRODUCTION TO PHYSIOLOGY,,,MW,1:00 PM - 2:20 PM,CULM LECT 1,,65,,"Li, Ying",Face-to-Face,,,
202690,ME 403,MECHANICAL SYSTEMS DESIGN I,,,R,6:00 PM - 8:50 PM,CULM LECT 1,,65,,"Russell, Kevin",Face-to-Face,,,
202690,CS 370,INTRO TO ARTIFCL INTELLGNCE,,,T,6:00 PM - 8:50 PM,CULM LECT 1,,65,,"Monogioudis, Pantelis",Face-to-Face,,,
202690,FIN 218,FINANCL MARKETS & INSTITUTIONS,,,TR,10:00 AM - 11:20 AM,CULM LECT 1,,65,,"Eliopoulos, George",Face-to-Face,,,
202690,FIN 218,FINANCL MARKETS & INSTITUTIONS - HONORS,,,TR,10:00 AM - 11:20 AM,CULM LECT 1,,65,,"Eliopoulos, George",Face-to-Face,,,
202690,HIST 213,THE TWENTIETH-CENTURY WORLD,,,TR,11:30 AM - 12:50 PM,CULM LECT 1,,65,,"Petursson, Svanur",Face-to-Face,,,
202690,CHE 489,PROCESS DYNAMICS AND CONTROL,,,TR,1:00 PM - 3:05 PM,CULM LECT 1,,65,,"Basuray, Sagnik",Face-to-Face,,,
202690,CS 116,INTRO TO COMP SCI II C++,,,TR,4:00 PM - 5:20 PM,CULM LECT 1,,65,,"Vaish, Prabhat",Face-to-Face,,,
202690,STS 342,"GENDER, TECHNOLOGY AND SOCIETY",,,W,6:00 PM - 8:50 PM,CULM LECT 1,,65,,"Steffen-Fluhr, Nancy",Face-to-Face,,,
202690,STS 342,"GENDER, TECHNOLOGY AND SOCIETY - HONORS",,,W,6:00 PM - 8:50 PM,CULM LECT 1,,65,,"Steffen-Fluhr, Nancy",Face-to-Face,,,
202690,DS 675,MACHINE LEARNING,,,W,8:30 AM - 11:20 AM,CULM LECT 1,,65,,"Roshan, Usman",Face-to-Face,,,
202690,CS 115,INTRO TO COMP SCIENCE I IN C++,,,MW,10:00 AM - 11:20 AM,CULM LECT 2,,43,,"Wu, Jun",Face-to-Face,,,
202690,BNFO 135,PROGRAMMING FOR BIOINFORMATICS,,,MW,11:30 AM - 12:50 PM,CULM LECT 2,,43,,"Yusuf, Fatima",Face-to-Face,,,
202690,ARCH 332,ARCHITECTURE: IMAGE AND WORD I,,,TF,8:30 AM - 9:50 AM,CULM LECT 2,,43,,"Zdepski, Stephen",Face-to-Face,,,
202690,MATH 107,UNIVERSITY MATHEMATICS A,,,TR,11:30 AM - 12:50 PM,CULM LECT 2,,43,,"Echeverria Echeverria, Mariano",Face-to-Face,,,
202690,CHE 370,HEAT AND MASS TRANSFER,,,TR,2:30 PM - 4:35 PM,CULM LECT 2,,43,,"Sebastian, Donald",Face-to-Face,,,
202690,MATH 213,CALCULUS III B,,,TRF,10:00 AM - 11:20 AM,CULM LECT 2,,43,,"Cohanoschi, Ion",Face-to-Face,,,
202690,MATH 107,UNIVERSITY MATHEMATICS A,,,W,6:00 PM - 8:50 PM,CULM LECT 2,,43,,"Correia, Paul",Face-to-Face,,,
202690,CS 341,FOUND OF COMPUTER SCIENCE II,,,WF,1:00 PM - 2:20 PM,CULM LECT 2,,43,,"Kaur, Arashdeep",Face-to-Face,,,
202690,CS 288,INTENSIVE PROGRAMMING IN LINUX,,,F,8:30 AM - 11:20 AM,CULM LECT 3,,72,,"Dale, Mohit",Face-to-Face,,,
202690,HIST 390,HISTL PROB THROUGH FILM,,,M,6:00 PM - 8:50 PM,CULM LECT 3,,72,,"Morrison-Santana, Deborah",Face-to-Face,,,
202690,ME 311,THERMODYNAMICS I,,,MW,11:30 AM - 12:50 PM,CULM LECT 3,,72,,"Marras, Simone",Face-to-Face,,,
202690,ME 315,STRESS ANALYSIS,,,MW,1:00 PM - 2:20 PM,CULM LECT 3,,72,,"Ahmadpoor, Fatemeh",Face-to-Face,,,
202690,ME 315,STRESS ANALYSIS- HONORS,,,MW,1:00 PM - 2:20 PM,CULM LECT 3,,72,,"Ahmadpoor, Fatemeh",Face-to-Face,,,
202690,AD 161,HISTORY OF ART AND DESIGN I,,,TF,1:00 PM - 2:20 PM,CULM LECT 3,,72,,"Von Koenig, Gretchen",Face-to-Face,,,
202690,IT 310,E-COMMERCE TECHNOLOGY,,,TR,10:00 AM - 11:20 AM,CULM LECT 3,,72,,"Tolboom, Ryan",Face-to-Face,,,
202690,IT 310,E-COMMERCE TECHNOLOGY - HONORS,,,TR,10:00 AM - 11:20 AM,CULM LECT 3,,72,,"Tolboom, Ryan",Face-to-Face,,,
202690,ENTR 320,FINANCING NEW VENTURE,,,TR,11:30 AM - 12:50 PM,CULM LECT 3,,72,,"Annett, Mark",Face-to-Face,,,
202690,MIS 385,DATABASE SYSTEMS FOR MANAGERS,,,TR,4:00 PM - 5:20 PM,CULM LECT 3,,72,,"Kargar, Bahareh",Face-to-Face,,,
202690,CS 101,COMP PROG & PROB SOLVING,,,TR,8:30 AM - 9:50 AM,CULM LECT 3,,72,,,Face-to-Face,,,
202690,HIST 390,HISTL PROB THROUGH FILM,,,W,6:00 PM - 8:50 PM,CULM LECT 3,,72,,"Kent, Scott",Face-to-Face,,,
202690,STS 205,INTRO TO RESEARCH METHODS- HONORS,,,MR,10:00 AM - 11:20 AM,DHRH 210,,43,,"Tancredi-Brice Agbenyega, Emily",Face-to-Face,,,
202690,STS 325,"ST: SCIENCE, TECHNOLOGY & URBAN TRANSFORMATION - HONORS",,,MR,1:00 PM - 2:20 PM,DHRH 210,,43,,"Tancredi-Brice Agbenyega, Emily",Face-to-Face,,,
202690,ENTR 210,INTRO TO ENTREPRENEURSHIP - HONORS,,,MW,11:30 AM - 12:50 PM,DHRH 210,,43,,"Naasz, Kathleen",Face-to-Face,,,
202690,FYS SEM,FIRST-YEAR SEMINAR - HONORS,,,R,2:30 PM - 3:50 PM,DHRH 210,,43,,"Hamilton, Louis",Face-to-Face,,,
202690,FYS SEM,FIRST-YEAR SEMINAR - HONORS,,,T,10:00 AM - 11:20 AM,DHRH 210,,43,,"Tancredi-Brice Agbenyega, Emily",Face-to-Face,,,
202690,FYS SEM,FIRST-YEAR SEMINAR - HONORS,,,T,11:30 AM - 12:50 PM,DHRH 210,,43,,"Kain, Caitlin",Face-to-Face,,,
202690,FYS SEM,FIRST-YEAR SEMINAR - HONORS,,,T,1:00 PM - 2:20 PM,DHRH 210,,43,,"Fernandez, Michelle",Face-to-Face,,,
202690,FYS SEM,FIRST-YEAR SEMINAR - HONORS,,,T,2:30 PM - 3:50 PM,DHRH 210,,43,,"Kain, Caitlin",Face-to-Face,,,
202690,FYS SEM,FIRST-YEAR SEMINAR - HONORS,,,W,10:00 AM - 11:20 AM,DHRH 210,,43,,"Bacsik, Tamara",Face-to-Face,,,
202690,FYS SEM,FIRST-YEAR SEMINAR - HONORS,,,M,11:30 AM - 12:50 PM,DHRH 212,,24,,"Kawakami, Lauren",Face-to-Face,,,
202690,FYS SEM,FIRST-YEAR SEMINAR - HONORS,,,M,2:30 PM - 3:50 PM,DHRH 212,,24,,"Hoyt-O'Connor, Paul",Face-to-Face,,,
202690,ENGL 102,INTRO TO RESEARCH WRITING- HONORS,,,MR,1:00 PM - 2:20 PM,DHRH 212,,24,,"Ciccolo, Drew",Face-to-Face,,,
202690,FYS SEM,FIRST-YEAR SEMINAR - HONORS,,,R,11:30 AM - 12:50 PM,DHRH 212,,24,,"Tancredi-Brice Agbenyega, Emily",Face-to-Face,,,
202690,FYS SEM,FIRST-YEAR SEMINAR - HONORS,,,W,10:00 AM - 11:20 AM,DHRH 212,,24,,"Ozludil, Burcak",Face-to-Face,,,
202690,PE 118,WALKING,,,TR,1:00 PM - 2:20 PM,DHRH FIT,,15,,"Hannafin, John",Face-to-Face,,,
202690,CS 434,ADVANCED DATABASE SYSTEMS,,,F,1:00 PM - 3:50 PM,ECEC 100,,60,,"Eren, Canan",Face-to-Face,,,
202690,CS 331,DATABASE SYSTEM DESIGN & MGMT,,,M,6:00 PM - 8:50 PM,ECEC 100,,60,,"Eren, Canan",Face-to-Face,,,
202690,CS 288,INTENSIVE PROGRAMMING IN LINUX,,,M,8:30 AM - 11:20 AM,ECEC 100,,60,,"Itani, Abdul-Rahman",Face-to-Face,,,
202690,PHYS 203,THE EARTH IN SPACE,,,MR,2:30 PM - 3:50 PM,ECEC 100,,60,,"Maljian, Libarid",Face-to-Face,,,
202690,CS 351,INTRODUCTION TO CYBERSECURITY,,,MW,11:30 AM - 12:50 PM,ECEC 100,,60,,"Hamidli, Fuad",Face-to-Face,,,
202690,PHYS 203,THE EARTH IN SPACE,,,MW,1:00 PM - 2:20 PM,ECEC 100,,60,,"Georgiou, George",Face-to-Face,,,
202690,ME 316,MACHINE DESIGN,,,R,6:00 PM - 8:50 PM,ECEC 100,,60,,"Mu, Xiaoming",Face-to-Face,,,
202690,MATH 480,INTRO MATH ANALYSIS,,,TR,10:00 AM - 11:20 AM,ECEC 100,,60,,"Sagiv, Amir",Face-to-Face,,,
202690,MATH 545,INTRO MATH ANALYSIS,,,TR,10:00 AM - 11:20 AM,ECEC 100,,60,,"Sagiv, Amir",Face-to-Face,,,
202690,CS 341,FOUND OF COMPUTER SCIENCE II,,,TR,11:30 AM - 12:50 PM,ECEC 100,,60,,"Kaur, Arashdeep",Face-to-Face,,,
202690,MATH 211,CALCULUS III A,,,TR,8:30 AM - 9:50 AM,ECEC 100,,60,,"Luke, Jonathan",Face-to-Face,,,
202690,PHYS 203,THE EARTH IN SPACE,,,TW,6:00 PM - 8:50 PM,ECEC 100,,60,,"Hussein, Nancy",Face-to-Face,,,
202690,PHYS 203,THE EARTH IN SPACE,,,WF,10:00 AM - 11:20 AM,ECEC 100,,60,,"Georgiou, George",Face-to-Face,,,
202690,BME 304,MATERIAL FUNDAMENTALS OF BME,,,WF,8:30 AM - 9:50 AM,ECEC 100,,60,,"Siddiqui, Zain",Face-to-Face,,,
202690,BME 304,MATERIAL FUNDAMENTALS OF BME - HONORS,,,WF,8:30 AM - 9:50 AM,ECEC 100,,60,,"Siddiqui, Zain",Face-to-Face,,,
202690,ECE 232,CIRCUITS & SYSTEMS II,,,F,6:00 PM - 10:05 PM,ECEC 115,,60,,"Manzhura, Oksana",Face-to-Face,,,
202690,ECE 425,WIRELESS COMMUNICATION SYSTEMS,,,M,2:30 PM - 5:20 PM,ECEC 115,,60,,"Kliewer, Joerg",Face-to-Face,,,
202690,ECE 644,WIRELESS COMMUNICATIONS,,,M,2:30 PM - 5:20 PM,ECEC 115,,60,,"Kliewer, Joerg",Face-to-Face,,,
202690,CS 408,INTRODUCTION TO CRYPTOGRAPHY,,,M,6:00 PM - 8:50 PM,ECEC 115,,60,,"Hamidli, Fuad",Face-to-Face,,,
202690,ECE 353,COMPUTER ARCH & ORGANIZATION,,,MW,10:00 AM - 11:20 AM,ECEC 115,,60,,"Walker-Soler, Jean",Face-to-Face,,,
202690,CS 474,INTRO TO GENAI,,,MW,11:30 AM - 12:50 PM,ECEC 115,,60,,"Musialski, Przemyslaw",Face-to-Face,,,
202690,PHYS 202,INTRO ASTRONOMY COSMOLGY,,,MWRF,8:30 AM - 9:50 AM,ECEC 115,,60,,"Georgiou, George",Face-to-Face,,,
202690,CS 490,DESIGN IN SOFTWARE ENGR,,,T,6:00 PM - 8:50 PM,ECEC 115,,60,,"McCann, William",Face-to-Face,,,
202690,CS 341,FOUND OF COMPUTER SCIENCE II,,,TR,1:00 PM - 2:20 PM,ECEC 115,,60,,"Kaur, Arashdeep",Face-to-Face,,,
202690,CS 646,NETWORK PROTOCOLS SECURITY,,,TR,4:00 PM - 5:20 PM,ECEC 115,,60,,"Raza, Asad",Face-to-Face,,,
202690,FIN 422,INTERNATIONAL FINANCE,,,W,6:00 PM - 8:50 PM,ECEC 115,,60,,"Domasky, Peter",Face-to-Face,,,
202690,CE 101,CE COMPUTER AIDED DESIGN,,,F,6:00 PM - 8:05 PM,FENS 160,,40,,"Santos, Stephanie",Face-to-Face,,,
202690,FED 101,ME - FUNDAMENTALS OF ENGINEERING DESIGN,,,MR,2:30 PM - 3:50 PM,FENS 160,,40,,"Mu, Xiaoming",Face-to-Face,,,
202690,FED 101,ME - FUNDAMENTALS OF ENGINEERING DESIGN,,,MW,10:00 AM - 11:20 AM,FENS 160,,40,,"Mu, Xiaoming",Face-to-Face,,,
202690,FED 101,ME - FUNDAMENTALS OF ENGINEERING DESIGN,,,TF,10:00 AM - 11:20 AM,FENS 160,,40,,"Mani, Balraj",Face-to-Face,,,
202690,FED 101,ME - FUNDAMENTALS OF ENGINEERING DESIGN,,,TF,1:00 PM - 2:20 PM,FENS 160,,40,,"Moon, Swapnil",Face-to-Face,,,
202690,FED 101,ME - FUNDAMENTALS OF ENGINEERING DESIGN,,,TF,4:00 PM - 5:20 PM,FENS 160,,40,,"Mani, Balraj",Face-to-Face,,,
202690,FED 101,ME - FUNDAMENTALS OF ENGINEERING DESIGN- HONORS,,,TR,11:30 AM - 12:50 PM,FENS 160,,40,,"Moon, Swapnil",Face-to-Face,,,
202690,CE 101,CE COMPUTER AIDED DESIGN,,,W,12:15 PM - 2:20 PM,FENS 160,,40,,"Santos, Stephanie",Face-to-Face,,,
202690,BME 760,MODELING IN FUNC BRAIN IMAGING,,,F,1:00 PM - 3:50 PM,FENS 636,,50,,"Li, Xiaobo",Face-to-Face,,,
202690,BME 674,PRINC OF NEUROMUSC ENGINEERING,,,T,6:00 PM - 8:50 PM,FENS 636,,50,,"Adamovich, Sergei",Face-to-Face,,,
202690,BME 341,BIOMED DYNAMICS,,,TR,10:00 AM - 11:30 AM,FENS 636,,50,,"Cecen, Volkan",Face-to-Face,,,
202690,BME 210,PROCESSING FUND FOR BIOL SIGNA,,,W,10:00 AM - 12:50 PM,FENS 636,,50,,"Alvarez, Tara",Face-to-Face,,,
202690,BME 210,PROCESSING FUND FOR BIOL SIGNA,,,M,10:00 AM - 12:50 PM,FENS 640,,27,,"Di, Xin",Face-to-Face,,,
202690,BME 688,VIRTUAL BIOMEDICAL INSTRUMENT,,,M,6:00 PM - 8:50 PM,FENS 640,,27,,"DeMarco, Robert",Face-to-Face,,,
202690,BME 681,CELLULAR MECHANOBIOLOGY,,,T,10:00 AM - 12:50 PM,FENS 640,,27,,"Buffone, Alexander",Face-to-Face,,,
202690,BME 658,AI IN MEDICAL IMAGING,,,T,6:00 PM - 8:50 PM,FENS 640,,27,,"Zhao, Lin",Face-to-Face,,,
202690,BME 471,PRINCIPLES OF MEDICAL IMAGING,,,R,10:00 AM - 12:50 PM,FENS 698,,40,,"Biswal, Bharat",Face-to-Face,,,
202690,ECE 429,COMPUTER COMMUNICATIONS LAB,,,T,1:00 PM - 5:20 PM,FMH 101C,,12,,"Bhattacharya, Rituja",Face-to-Face,,,
202690,ECE 429,COMPUTER COMMUNICATIONS LAB,,,W,6:00 PM - 10:05 PM,FMH 101C,,12,,"Gu, Jinlei",Face-to-Face,,,
202690,CE 333,REINFORCED CONCRETE DESIGN,,,F,6:00 PM - 8:50 PM,FMH 106,,30,,"Ingemi, James",Face-to-Face,,,
202690,FYS SEM,FIRST-YEAR SEMINAR,,,M,10:00 AM - 11:20 AM,FMH 106,,30,,"Ramos, Aolani",Face-to-Face,,,
202690,FYS SEM,FIRST-YEAR SEMINAR,,,M,11:30 AM - 12:50 PM,FMH 106,,30,,"Williams, Rachel",Face-to-Face,,,
202690,FYS SEM,FIRST-YEAR SEMINAR,,,M,1:00 PM - 2:20 PM,FMH 106,,30,,"Steck, Zoe",Face-to-Face,,,
202690,FYS SEM,FIRST-YEAR SEMINAR,,,M,2:30 PM - 3:50 PM,FMH 106,,30,,"George, Steve",Face-to-Face,,,
202690,FYS SEM,FIRST-YEAR SEMINAR,,,R,10:00 AM - 11:20 AM,FMH 106,,30,,"Taylor, Sandra",Face-to-Face,,,
202690,FYS SEM,FIRST-YEAR SEMINAR,,,R,11:30 AM - 12:50 PM,FMH 106,,30,,"Moncayo, Frans",Face-to-Face,,,
202690,FYS SEM,FIRST-YEAR SEMINAR,,,R,1:00 PM - 2:20 PM,FMH 106,,30,,"Reich, Jeremy",Face-to-Face,,,
202690,FYS SEM,FIRST-YEAR SEMINAR,,,R,2:30 PM - 3:50 PM,FMH 106,,30,,"Ramos, Aolani",Face-to-Face,,,
202690,FYS SEM,FIRST-YEAR SEMINAR,,,T,11:30 AM - 12:50 PM,FMH 106,,30,,"Johnson, Keren",Face-to-Face,,,
202690,ENGL 102,INTRO TO RESEARCH WRITING,,,TF,10:00 AM - 11:20 AM,FMH 106,,30,,"Fouyer, Nathalie",Face-to-Face,,,
202690,ENGL 101,INTRO TO ACADEMIC WRITING,,,TF,1:00 PM - 2:20 PM,FMH 106,,30,,"English, Joshua",Face-to-Face,,,
202690,ENGL 101,INTRO TO ACADEMIC WRITING- HONORS,,,TF,2:30 PM - 3:50 PM,FMH 106,,30,,"Slovis, Jake",Face-to-Face,,,
202690,COM 312,EFFECTIVE COMMUNICATION,,,TR,8:30 AM - 9:50 AM,FMH 106,,30,,"Stanik, Laura",Face-to-Face,,,
202690,FYS SEM,FIRST-YEAR SEMINAR,,,W,10:00 AM - 11:20 AM,FMH 106,,30,,"Williams, Jacinta",Face-to-Face,,,
202690,FYS SEM,FIRST-YEAR SEMINAR,,,W,1:00 PM - 2:20 PM,FMH 106,,30,,"Aristizabal, Caitlin",Face-to-Face,,,
202690,ENGL 101,INTRO TO ACADEMIC WRITING,,,WF,8:30 AM - 9:50 AM,FMH 106,,30,,"Lozauskas, Jeni",Face-to-Face,,,
202690,STS 201,UNDERSTANDING TECH SOCIETY,,,MR,10:00 AM - 11:20 AM,FMH 108,,32,,"Leli, Tyler",Face-to-Face,,,
202690,PSY 339,PSYCHOLOGY OF DIVERSITY,,,MR,11:30 AM - 12:50 PM,FMH 108,,32,,"Khichi, Neel",Face-to-Face,,,
202690,PSY 325,ST: FAMILY MATTERS: UNDERSTANDING HEALTHY RELATIONSHIPS,,,MR,1:00 PM - 2:20 PM,FMH 108,,32,,"Khichi, Neel",Face-to-Face,,,
202690,CS 608,CRYPTOGRAPHY & SECURITY,,,MR,2:30 PM - 3:50 PM,FMH 108,,32,,"Madathil, Varun",Face-to-Face,,,
202690,COM 312,EFFECTIVE COMMUNICATION,,,R,6:00 PM - 8:50 PM,FMH 108,,32,,"Esche, John",Face-to-Face,,,
202690,STS 201,UNDERSTANDING TECH SOCIETY,,,TF,8:30 AM - 9:50 AM,FMH 108,,32,,"Keeler, Teresa",Face-to-Face,,,
202690,ENGL 101,INTRO TO ACADEMIC WRITING,,,TR,4:00 PM - 5:20 PM,FMH 108,,32,,"Rossi, Gabrielle",Face-to-Face,,,
202690,CS 656,INTRNET&HIGHER LAYER PRO,,,W,6:00 PM - 8:50 PM,FMH 108,,32,,"Mani, Kumar",Face-to-Face,,,
202690,BIOL 356,MOLECULAR BIOLOGY,,,WF,10:00 AM - 11:20 AM,FMH 108,,32,,"Konsolaki, Mary",Face-to-Face,,,
202690,ENGL 101,INTRO TO ACADEMIC WRITING,,,WF,1:00 PM - 2:20 PM,FMH 108,,32,,"Fouyer, Nathalie",Face-to-Face,,,
202690,CHE 777,ADSORPTION NANOPOROUS MATER,,,F,1:00 PM - 3:50 PM,FMH 110,,40,,"Gor, Gennady",Face-to-Face,,,
202690,ECE 683,CLOUD IOT NETWORK & SECURITY,,,F,6:00 PM - 8:50 PM,FMH 110,,40,,"Khreishah, Abdallah",Face-to-Face,,,
202690,IS 375,DISCOVERING USER NEEDS FOR UX,,,MW,1:00 PM - 2:20 PM,FMH 110,,40,,"Lee, Sooyeon",Face-to-Face,,,
202690,YWCC 307,PROFESSIONAL DEV IN COMPUTING,,,R,1:00 PM - 2:20 PM,FMH 110,,40,,"Ohshiro, Keita",Face-to-Face,,,
202690,MATH 660,INTRO TO STATISTICAL COMPUTING,,,R,6:00 PM - 8:50 PM,FMH 110,,40,,"Jin, Chong",Face-to-Face,,,
202690,FYS SEM,FIRST-YEAR SEMINAR,,,T,1:00 PM - 2:20 PM,FMH 110,,40,,"Manning, Roselyn",Face-to-Face,,,
202690,MATH 663,INTRODUCTION TO BIOSTATISTICS,,,T,6:00 PM - 8:50 PM,FMH 110,,40,,"Wang, Antai",Face-to-Face,,,
202690,MATH 337,LINEAR ALGEBRA,,,TF,4:00 PM - 5:20 PM,FMH 110,,40,,"MacLaurin, James",Face-to-Face,,,
202690,MATH 333,PROBABILITY AND STATISTICS,,,TR,10:00 AM - 11:20 AM,FMH 110,,40,,"Shi, Chenlu",Face-to-Face,,,
202690,MATH 337,LINEAR ALGEBRA- HONORS,,,TR,11:30 AM - 12:50 PM,FMH 110,,40,,"Siegel, Michael",Face-to-Face,,,
202690,MATH 337,LINEAR ALGEBRA,,,TR,2:30 PM - 3:50 PM,FMH 110,,40,,"Askham, Travis",Face-to-Face,,,
202690,MATH 337,LINEAR ALGEBRA,,,TR,8:30 AM - 9:50 AM,FMH 110,,40,,"Turc, Catalin",Face-to-Face,,,
202690,MATH 337,LINEAR ALGEBRA,,,W,6:00 PM - 8:50 PM,FMH 110,,40,,"Alptekin, Sener",Face-to-Face,,,
202690,MATH 279,STATS &PROBABILITY FOR ENGR,,,F,1:00 PM - 3:05 PM,FMH 203,,36,,"Jamedar, Fariborz",Face-to-Face,,,
202690,MATH 279,STATS &PROBABILITY FOR ENGR,,,F,3:15 PM - 5:20 PM,FMH 203,,36,,"Jamedar, Fariborz",Face-to-Face,,,
202690,MATH 279,STATS &PROBABILITY FOR ENGR,,,F,6:00 PM - 7:55 PM,FMH 203,,36,,"Jamedar, Fariborz",Face-to-Face,,,
202690,MATH 279,STATS &PROBABILITY FOR ENGR,,,F,9:15 AM - 11:20 AM,FMH 203,,36,,"Pole, Andrew",Face-to-Face,,,
202690,PSY 210,INTRODUCTION TO PSYCHOLOGY,,,M,6:00 PM - 8:50 PM,FMH 203,,36,,"Jones, Nicholas",Face-to-Face,,,
202690,IS 375,DISCOVERING USER NEEDS FOR UX,,,MW,10:00 AM - 11:20 AM,FMH 203,,36,,"Lee, Sooyeon",Face-to-Face,,,
202690,HIST 213,THE TWENTIETH-CENTURY WORLD,,,MW,11:30 AM - 12:50 PM,FMH 203,,36,,"Fuller, Frank",Face-to-Face,,,
202690,CHE 349,KINETICS & REACTOR DESGN,,,MW,1:00 PM - 2:20 PM,FMH 203,,36,,"Armenante, Piero",Face-to-Face,,,
202690,PHYS 430,CLASSICAL MECHANICS I,,,MW,8:30 AM - 9:50 AM,FMH 203,,36,,"Jerez, Andres",Face-to-Face,,,
202690,MATH 279,STATS &PROBABILITY FOR ENGR,,,T,6:00 PM - 7:55 PM,FMH 203,,36,,"Schmidt, Donivyn",Face-to-Face,,,
202690,MATH 332,INTRO COMPLEX VARIABLES,,,TR,11:30 AM - 12:50 PM,FMH 203,,36,,"Nguyen, Thi Phong",Face-to-Face,,,
202690,CS 673,SOFTWARE DES PROD METHODOLOGY,,,TR,1:00 PM - 2:20 PM,FMH 203,,36,,"Neamtiu, Iulian",Face-to-Face,,,
202690,MATH 333,PROBABILITY AND STATISTICS - HONORS,,,TR,2:30 PM - 3:50 PM,FMH 203,,36,,"Natarajan, Padma",Face-to-Face,,,
202690,HIST 213,THE TWENTIETH-CENTURY WORLD,,,TR,4:00 PM - 5:20 PM,FMH 203,,36,,"Kent, Scott",Face-to-Face,,,
202690,CE 431,CONTRUCTION MATERIALS LAB,,,W,6:00 PM - 8:50 PM,FMH 203,,36,,"George, Steve",Face-to-Face,,,
202690,ECE 395,MICROPROCESSOR LABORATORY,,,F,1:00 PM - 5:20 PM,FMH 204A,,30,,"Moatazedian, Amirarsalan",Face-to-Face,,,
202690,ECE 395,MICROPROCESSOR LABORATORY,,,M,6:00 PM - 10:05 PM,FMH 204A,,30,,"Bhavnagarwala, Azeez",Face-to-Face,,,
202690,ECE 395,MICROPROCESSOR LABORATORY,,,T,6:00 PM - 10:05 PM,FMH 204A,,30,,"Pandit, Kartik",Face-to-Face,,,
202690,COM 312,EFFECTIVE COMMUNICATION,,,F,6:00 PM - 8:50 PM,FMH 205,,25,,"Raufova, Nigora",Face-to-Face,,,
202690,FRSC 498,ST: CELLPHONE LOCATION ANALYSIS,,,M,6:00 PM - 8:50 PM,FMH 205,,25,,"Lucich, John",Face-to-Face,,,
202690,ENGL 101,INTRO TO ACADEMIC WRITING,,,MR,1:00 PM - 2:20 PM,FMH 205,,25,,"DiLorenzo, Maria",Face-to-Face,,,
202690,ENGL 101,INTRO TO ACADEMIC WRITING,,,MR,2:30 PM - 3:50 PM,FMH 205,,25,,"Carter, Kelsey",Face-to-Face,,,
202690,ENGL 101,INTRO TO ACADEMIC WRITING,,,MW,11:30 AM - 12:50 PM,FMH 205,,25,,"Blender, Roberta",Face-to-Face,,,
202690,ENGL 101,INTRO TO ACADEMIC WRITING,,,TF,1:00 PM - 2:20 PM,FMH 205,,25,,"Chattaraj, Durba",Face-to-Face,,,
202690,ENGL 101,INTRO TO ACADEMIC WRITING,,,TF,2:30 PM - 3:50 PM,FMH 205,,25,,"Darkwa-Anto, Ashley",Face-to-Face,,,
202690,ENGL 101,INTRO TO ACADEMIC WRITING,,,TF,4:00 PM - 5:20 PM,FMH 205,,25,,"Fouyer, Nathalie",Face-to-Face,,,
202690,BIOL 400,BIOLOGY IN SCIENCE FICTION,,,TR,10:00 AM - 11:20 AM,FMH 205,,25,,"Yarotsky, John",Face-to-Face,,,
202690,ENGL 101,INTRO TO ACADEMIC WRITING- HONORS,,,TR,11:30 AM - 12:50 PM,FMH 205,,25,,"Deane, Johanna",Face-to-Face,,,
202690,ENGL 101,INTRO TO ACADEMIC WRITING- HONORS,,,TR,8:30 AM - 9:50 AM,FMH 205,,25,,"Deane, Johanna",Face-to-Face,,,
202690,ENGL 101,INTRO TO ACADEMIC WRITING,,,WF,10:00 AM - 11:20 AM,FMH 205,,25,,"Lozauskas, Jeni",Face-to-Face,,,
202690,ENGL 102,INTRO TO RESEARCH WRITING,,,WF,8:30 AM - 9:50 AM,FMH 205,,25,,"Katz, Liana",Face-to-Face,,,
202690,MATH 661,APPLIED STATISTICS,,,M,6:00 PM - 8:50 PM,FMH 207,,40,,"Falconer, Thomas",Face-to-Face,,,
202690,ARCH 483,ST: ADAPTIVE PARADIGMS IN ARCHITECTURE,,,MR,11:30 AM - 12:50 PM,FMH 207,,40,,"Parlac, Vera",Face-to-Face,,,
202690,COM 313,WRITING IN THE WORKPLACE,,,MR,1:00 PM - 2:20 PM,FMH 207,,40,,"Siemann, Catherine",Face-to-Face,,,
202690,PSY 321,SOCIAL PSYCHOLOGY,,,MR,2:30 PM - 3:50 PM,FMH 207,,40,,"Gresham, Abriana",Face-to-Face,,,
202690,IS 331,"DATABASE DESIGN, MGMT & APPL",,,MW,10:00 AM - 11:20 AM,FMH 207,,40,,"Lin, Lin",Face-to-Face,,,
202690,IT 202,INTERNET APPLICATIONS,,,MW,8:30 AM - 9:50 AM,FMH 207,,40,,"Vohra, Rosemina",Face-to-Face,,,
202690,YWCC 207,COMPUTING & EFFECTIVE COM,,,R,10:00 AM - 11:20 AM,FMH 207,,40,,"Kumar, Suresh",Face-to-Face,,,
202690,MATH 322,DIFF EQUATIONS FOR APPLICATION,,,R,6:00 PM - 8:50 PM,FMH 207,,40,,"Potocki-Dul, Magdallena",Face-to-Face,,,
202690,FYS SEM,FIRST-YEAR SEMINAR,,,T,11:30 AM - 12:50 PM,FMH 207,,40,,"Hanks, Tia",Face-to-Face,,,
202690,MATH 138,GENERAL CALCULUS I,,,TF,10:00 AM - 11:20 AM,FMH 207,,40,,"Horwitz, Kenneth",Face-to-Face,,,
202690,MATH 138,GENERAL CALCULUS I,,,TF,1:00 PM - 2:20 PM,FMH 207,,40,,"Milojevic, Petronije",Face-to-Face,,,
202690,MATH 107,UNIVERSITY MATHEMATICS A,,,TF,2:30 PM - 3:50 PM,FMH 207,,40,,"DeGroot, Jack",Face-to-Face,,,
202690,MATH 213,CALCULUS III B,,,TRF,8:30 AM - 9:50 AM,FMH 207,,40,,"Cohanoschi, Ion",Face-to-Face,,,
202690,MATH 333,PROBABILITY AND STATISTICS,,,W,6:00 PM - 8:50 PM,FMH 207,,40,,"Porus, Jonathan",Face-to-Face,,,
202690,ECE 294,ANALOG AND DIGITAL LAB,,,M,8:30 AM - 12:50 PM,FMH 211,,30,,"Ge, Hongya",Face-to-Face,,,
202690,ECE 641,LAB FOR HIGH PERFORMANCE DSP,,,R,11:30 AM - 2:20 PM,FMH 211,,30,,"Akansu, Ali",Face-to-Face,,,
202690,ECE 416,ELECT & COMP ENGNR PROJ II,,,R,6:00 PM - 8:50 PM,FMH 211,,30,,"Liu, Xuan",Face-to-Face,,,
202690,ECE 294,ANALOG AND DIGITAL LAB,,,T,6:00 PM - 10:05 PM,FMH 211,,30,,"Mustafiz, Sen",Face-to-Face,,,
202690,ECE 294,ANALOG AND DIGITAL LAB,,,W,8:30 AM - 12:50 PM,FMH 211,,30,,"Sen, Sohom",Face-to-Face,,,
202690,PHYS 121,PHYSICS II,,,F,6:00 PM - 8:50 PM,FMH 213,,43,,"Cohanoschi, Ion",Face-to-Face,,,
202690,CHEM 244,ORGANIC CHEMISTRY II,,,M,6:00 PM - 8:50 PM,FMH 213,,43,,"Gund, Tamara",Face-to-Face,,,
202690,CS 631,DATA MGT SYSTEMS DESIGN,,,MW,10:00 AM - 11:20 AM,FMH 213,,43,,"Theodoratos, Dimitrios",Face-to-Face,,,
202690,CHEM 125,GENERAL CHEMISTRY I,,,MW,8:30 AM - 9:50 AM,FMH 213,,43,,"Kikhwa, Miryam",Face-to-Face,,,
202690,YWCC 207,COMPUTING & EFFECTIVE COM,,,R,1:00 PM - 2:20 PM,FMH 213,,43,,"Kumar, Suresh",Face-to-Face,,,
202690,PHYS 202,INTRO ASTRONOMY COSMOLGY,,,R,6:00 PM - 8:50 PM,FMH 213,,43,,"Maljian, Libarid",Face-to-Face,,,
202690,CHEM 125,GENERAL CHEMISTRY I,,,T,6:00 PM - 8:50 PM,FMH 213,,43,,"Lee, Sean",Face-to-Face,,,
202690,CHEM 126,GEN CHEMISTRY II,,,TF,1:00 PM - 2:20 PM,FMH 213,,43,,"Ananthanarayanan, Bharath",Face-to-Face,,,
202690,CHEM 126,GEN CHEMISTRY II,,,TF,2:30 PM - 3:50 PM,FMH 213,,43,,,Face-to-Face,,,
202690,CHEM 126,GEN CHEMISTRY II,,,W,6:00 PM - 8:50 PM,FMH 213,,43,,"Morales Navas, Camila",Face-to-Face,,,
202690,FED 101,ECE - FUNDAMENTALS OF ENGINEERING DESIGN,,,F,2:30 PM - 5:20 PM,FMH 304,,30,,"Raj, Ratna",Face-to-Face,,,
202690,ECE 294,ANALOG AND DIGITAL LAB,,,R,6:00 PM - 10:05 PM,FMH 304,,30,,"Adwani, Neel",Face-to-Face,,,
202690,CHEM 702,ST:SPECTROMETRIC IDENTIFICATIONS OF ORGANIC COMPOUNDS,,,M,6:00 PM - 8:50 PM,FMH 305,,30,,"Pacheco, Carlos",Face-to-Face,,,
202690,PSY 325,ST: HEALTH PSYCHOLOGY,,,MR,10:00 AM - 11:20 AM,FMH 305,,30,,"Gresham, Abriana",Face-to-Face,,,
202690,STS 325,ST:  FROM TAIPEI TO TOKYO- K-POP AND EAST ASIAN CULTURE,,,MW,11:30 AM - 12:50 PM,FMH 305,,30,,"Shih, Chia-Ying",Face-to-Face,,,
202690,COM 312,EFFECTIVE COMMUNICATION,,,MW,1:00 PM - 2:20 PM,FMH 305,,30,,"Gorelick, Risa",Face-to-Face,,,
202690,EVSC 485,ENVIRONMENTAL MICROBIOLOGY,,,T,6:00 PM - 8:50 PM,FMH 305,,30,,"Li, Mengyan",Face-to-Face,,,
202690,EVSC 627,ENVIRONMENTAL MICROBIOLOGY,,,T,6:00 PM - 8:50 PM,FMH 305,,30,,"Li, Mengyan",Face-to-Face,,,
202690,MECH 236,DYNAMICS,,,T,8:30 AM - 10:35 AM,FMH 305,,30,,"Ding, Yuan",Face-to-Face,,,
202690,COM 312,EFFECTIVE COMMUNICATION,,,TR,11:30 AM - 12:50 PM,FMH 305,,30,,"Stanik, Laura",Face-to-Face,,,
202690,ENGL 101,INTRO TO ACADEMIC WRITING,,,TR,1:00 PM - 2:20 PM,FMH 305,,30,,"Rossi, Gabrielle",Face-to-Face,,,
202690,COM 312,EFFECTIVE COMMUNICATION,,,TR,2:30 PM - 3:50 PM,FMH 305,,30,,"Stanik, Laura",Face-to-Face,,,
202690,HSS 404,HISTORY SEMINAR: MOVEMENT OF MIGRANTS AND REFUGEES IN THE EASTERN MEDITERRANEAN,,,TR,4:00 PM - 5:20 PM,FMH 305,,30,,"Kostopoulou, Ilektra",Face-to-Face,,,
202690,HSS 404,FAKE NEWS AND MISINFORMATION IN THE POST-TRUTH ERA,,,W,6:00 PM - 8:50 PM,FMH 305,,30,,"Crespo Solis, Andres",Face-to-Face,,,
202690,ENGL 101,INTRO TO ACADEMIC WRITING,,,WF,10:00 AM - 11:20 AM,FMH 305,,30,,"Harris, Amanda",Face-to-Face,,,
202690,MATH 791,GRADUATE SEMINAR,,,F,11:30 AM - 12:50 PM,FMH 306,,45,,,Face-to-Face,,,
202690,FIN 430,OPTIONS AND FUTURES MARKETS,,,M,6:00 PM - 8:50 PM,FMH 306,,45,,"Ehrlich, Michael",Face-to-Face,,,
202690,CHEM 125,GENERAL CHEMISTRY I,,,MR,2:30 PM - 3:50 PM,FMH 306,,45,,"Kikhwa, Miryam",Face-to-Face,,,
202690,CHEM 126,GEN CHEMISTRY II,,,MW,8:30 AM - 9:50 AM,FMH 306,,45,,,Face-to-Face,,,
202690,CHEM 121,FUND OF CHEMICAL PRINCIPLES I,,,R,6:00 PM - 8:50 PM,FMH 306,,45,,"Morales Navas, Camila",Face-to-Face,,,
202690,HRM 301,ORGANIZATIONAL BEHAVIOR,,,TR,10:00 AM - 11:20 AM,FMH 306,,45,,"Schachter, Hindy",Face-to-Face,,,
202690,CHEM 126,GEN CHEMISTRY II,,,TR,11:30 AM - 12:50 PM,FMH 306,,45,,"Ananthanarayanan, Bharath",Face-to-Face,,,
202690,MRKT 330,PRINCIPLES OF MARKETING,,,TR,4:00 PM - 5:20 PM,FMH 306,,45,,"Thomas, Ellen",Face-to-Face,,,
202690,MRKT 330,PRINCIPLES OF MARKETING - HONORS,,,TR,4:00 PM - 5:20 PM,FMH 306,,45,,"Thomas, Ellen",Face-to-Face,,,
202690,CHEM 222,ANALYTICAL CHEMISTRY,,,TR,8:30 AM - 9:50 AM,FMH 306,,45,,"Edens, Gregory",Face-to-Face,,,
202690,ARCH 569G,PROFESSIONAL PRACTICE I,,,W,6:00 PM - 8:50 PM,FMH 306,,45,,"Pellegrino, Erin",Face-to-Face,,,
202690,FIN 315,FUND OF CORPORATE FINANCE,,,WF,1:00 PM - 2:20 PM,FMH 306,,45,,"Uddin, Ajim",Face-to-Face,,,
202690,FIN 315,FUND OF CORPORATE FINANCE - HONORS,,,WF,1:00 PM - 2:20 PM,FMH 306,,45,,"Uddin, Ajim",Face-to-Face,,,
202690,COM 312,EFFECTIVE COMMUNICATION,,,M,6:00 PM - 8:50 PM,FMH 307,,34,,"Raufova, Nigora",Face-to-Face,,,
202690,HSS 404,HAPPINESS AND THE GOOD LIFE,,,MR,10:00 AM - 11:20 AM,FMH 307,,34,,"Khichi, Neel",Face-to-Face,,,
202690,ENGL 101,INTRO TO ACADEMIC WRITING,,,MR,11:30 AM - 12:50 PM,FMH 307,,34,,"Carter, Kelsey",Face-to-Face,,,
202690,BIOL 423,PHYSIOLOGICAL MECHANISMS,,,MR,1:00 PM - 2:20 PM,FMH 307,,34,,"Yarotsky, John",Face-to-Face,,,
202690,BIOL 644,PHYSIOLOGICAL MECHANISMS,,,MR,1:00 PM - 2:20 PM,FMH 307,,34,,"Yarotsky, John",Face-to-Face,,,
202690,MATH 391,NUMERICAL LINEAR ALGEBRA,,,MR,4:00 PM - 5:20 PM,FMH 307,,34,,"Afkhami, Shahriar",Face-to-Face,,,
202690,ECE 658,VLSI DESIGN I,,,R,6:00 PM - 8:50 PM,FMH 307,,34,,"Misra, Durgamadhab",Face-to-Face,,,
202690,ENGR 312,PROF. SKILLS FOR ENGINEERS II,,,T,4:00 PM - 5:20 PM,FMH 307,,34,,"Sodhi, Jaskirat",Face-to-Face,,,
202690,HSS 404,HONORS SEM: NEWARK NARRATIVES: ART/CULTURE/SITE LITERACIES - HONORS,,,T,6:00 PM - 8:50 PM,FMH 307,,34,,"Curley, Jonathan",Face-to-Face,,,
202690,HSS 404,BLEAK COMEDY,,,TF,10:00 AM - 11:20 AM,FMH 307,,34,,"McRae, Calista",Face-to-Face,,,
202690,HSS 404,"MEMES: RHETORIC, GENRES, APPLICATIONS",,,TF,1:00 PM - 2:20 PM,FMH 307,,34,,"Deane, Johanna",Face-to-Face,,,
202690,MATH 462,STATISTICS CAPSTONE I- HONORS,,,TF,2:30 PM - 3:50 PM,FMH 307,,34,,"Loh, Ji Meng",Face-to-Face,,,
202690,MET 235,STATICS FOR TECHNOLOGY,,,TF,8:30 AM - 9:50 AM,FMH 307,,34,,"Rohafza, Ali",Face-to-Face,,,
202690,ECE 619,INTELLIGENT SENSING FOR SMART,,,W,6:00 PM - 8:50 PM,FMH 307,,34,,"Pong, Philip",Face-to-Face,,,
202690,FYS SEM,FIRST-YEAR SEMINAR,,,M,1:00 PM - 2:20 PM,FMH 309,,35,,"Pinkham, Haydee",Face-to-Face,,,
202690,ARCH 301,DIGITAL MODELING & FABRICATION,,,M,6:00 PM - 8:50 PM,FMH 309,,35,,"Quintero Morales, Moises",Face-to-Face,,,
202690,HSS 404,"GRAPHIC NOVELS, COMICS AND CARTOONS",,,MR,2:30 PM - 3:50 PM,FMH 309,,35,,"Slovis, Jake",Face-to-Face,,,
202690,CS 332,PRINCIPLES OF OPERATING SYSTEMS - HONORS,,,MW,10:00 AM - 11:20 AM,FMH 309,,35,,"Ding, Xiaoning",Face-to-Face,,,
202690,COM 312,EFFECTIVE COMMUNICATION,,,MW,11:30 AM - 12:50 PM,FMH 309,,35,,"Edwards, Emily",Face-to-Face,,,
202690,COM 313,WRITING IN THE WORKPLACE,,,MW,8:30 AM - 9:50 AM,FMH 309,,35,,"Hamai, Crystal",Face-to-Face,,,
202690,PHYS 621,CLASSICAL ELECTRODYNAMIC,,,R,6:00 PM - 8:50 PM,FMH 309,,35,,"Inoue, Satoshi",Face-to-Face,,,
202690,CE 350,TRANSPORTATION ENGR,,,T,6:00 PM - 8:50 PM,FMH 309,,35,,"Lee, Joyoung",Face-to-Face,,,
202690,PHYS 432,ELECTROMAGNETISM I,,,TF,2:30 PM - 3:50 PM,FMH 309,,35,,"Goodwin, Lindsay",Face-to-Face,,,
202690,PSY 325,ST: CHILD PSYCHOLOGY,,,TR,10:00 AM - 11:20 AM,FMH 309,,35,,"Conover, Kelly",Face-to-Face,,,
202690,PHIL 351,BIOMEDICAL ETHICS - HONORS,,,TR,11:30 AM - 12:50 PM,FMH 309,,35,,"Edel, Gareth",Face-to-Face,,,
202690,COM 312,EFFECTIVE COMMUNICATION,,,W,6:00 PM - 8:50 PM,FMH 309,,35,,"Raufova, Nigora",Face-to-Face,,,
202690,FYS SEM,FIRST-YEAR SEMINAR,,,M,10:00 AM - 11:20 AM,FMH 310,,30,,"Bartlett, Alexis",Face-to-Face,,,
202690,COM 313,WRITING IN THE WORKPLACE,,,M,6:00 PM - 8:50 PM,FMH 310,,30,,"Chatterjee, Annie",Face-to-Face,,,
202690,CS 485,ST: PHYSICAL AI,,,MW,11:30 AM - 12:50 PM,FMH 310,,30,,"Lin, Tsung-Chi",Face-to-Face,,,
202690,CET 411,COST ESTIMATING,,,MW,1:00 PM - 2:20 PM,FMH 310,,30,,"Wiggins, John",Face-to-Face,,,
202690,CE 320,FLUID MECHANICS,,,T,6:00 PM - 10:05 PM,FMH 310,,30,,"Prasad, Avinash",Face-to-Face,,,
202690,CE 320,FLUID MECHANICS - HONORS,,,T,6:00 PM - 10:05 PM,FMH 310,,30,,,Face-to-Face,,,
202690,COM 225,ST: INTRO TO MANDARIN,,,TR,10:00 AM - 11:20 AM,FMH 310,,30,,"Shih, Chia-Ying",Face-to-Face,,,
202690,COM 313,WRITING IN THE WORKPLACE,,,TR,11:30 AM - 12:50 PM,FMH 310,,30,,"Siemann, Catherine",Face-to-Face,,,
202690,COM 225,ST: INTERMEDIATE MANDARIN,,,TR,1:00 PM - 2:20 PM,FMH 310,,30,,"Shih, Chia-Ying",Face-to-Face,,,
202690,HSS 404,CREEPY NEW JERSEY: MYSTERIES OF THE GARDEN STATE,,,TR,2:30 PM - 3:50 PM,FMH 310,,30,,"Hamai, Crystal",Face-to-Face,,,
202690,HSS 404,BUILDING BROADWAY: SHOW BUSINESS FROM 1900 TO NOW,,,TR,4:00 PM - 5:20 PM,FMH 310,,30,,"Mednick, Kyle",Face-to-Face,,,
202690,ECE 657,SEMICONDUCTOR  DEVICES,,,W,6:00 PM - 8:50 PM,FMH 310,,30,,"Ko, Dong",Face-to-Face,,,
202690,HSS 404,CULT FILMS: COUNTERCULTURE AND THE RISE OF CINEMATIC REVOLUTION,,,WF,10:00 AM - 11:20 AM,FMH 310,,30,,"Gonzalez-Ledezma, Grisele",Face-to-Face,,,
202690,LIT 325,ST: TRUE CRIME: GENDER AND CRIME,,,MR,2:30 PM - 3:50 PM,FMH 313,,32,,"DiLorenzo, Maria",Face-to-Face,,,
202690,PSY 304,SS RESEARCH METHODS I,,,MW,10:00 AM - 11:20 AM,FMH 313,,32,,"Hunt, Theresa",Face-to-Face,,,
202690,FRSC 495,SENIOR SEMINAR,,,MW,1:00 PM - 2:20 PM,FMH 313,,32,,"Fisher, David",Face-to-Face,,,
202690,HSS 404,MONSTERS: HUMANITY'S HIDDEN FACE,,,MW,8:30 AM - 9:50 AM,FMH 313,,32,,"Ciccolo, Drew",Face-to-Face,,,
202690,PHIL 334,ENGINEERING ETHICS,,,R,6:00 PM - 8:50 PM,FMH 313,,32,,"Heap, Peter",Face-to-Face,,,
202690,FRSC 498,ST: FORENSIC DOCUMENT ANALYSIS,,,T,6:00 PM - 8:50 PM,FMH 313,,32,,"Osborn, John",Face-to-Face,,,
202690,COM 310,INTERPERSONAL COMMUNICATION,,,TR,11:30 AM - 12:50 PM,FMH 313,,32,,"Sun, Yao",Face-to-Face,,,
202690,HIST 213,THE TWENTIETH-CENTURY WORLD,,,TR,1:00 PM - 2:20 PM,FMH 313,,32,,"Petursson, Svanur",Face-to-Face,,,
202690,MTEN 301,THERMODYNAMICS OF MATERIALS,,,TR,4:00 PM - 5:20 PM,FMH 313,,32,,"Khusid, Boris",Face-to-Face,,,
202690,COM 325,ST: DIGITAL MEDIA PSYCHOLOGY,,,TR,8:30 AM - 9:50 AM,FMH 313,,32,,"Snyder, Eugene",Face-to-Face,,,
202690,CE 360,CIVIL ENGINEERING MATERIALS,,,W,6:00 PM - 8:50 PM,FMH 313,,32,,"Korayem, Marwa",Face-to-Face,,,
202690,SET 200,INTRODUCTION TO GEOMATICS,,,M,6:00 PM - 7:55 PM,FMH 314,,25,,"Todosov, Angel",Face-to-Face,,,
202690,COM 313,WRITING IN THE WORKPLACE,,,MR,4:00 PM - 5:20 PM,FMH 314,,25,,"Crespo Solis, Andres",Face-to-Face,,,
202690,ENGL 102,INTRO TO RESEARCH WRITING,,,MR,8:30 AM - 9:50 AM,FMH 314,,25,,"Goldman, Molly",Face-to-Face,,,
202690,ENGL 101,INTRO TO ACADEMIC WRITING,,,MW,10:00 AM - 11:20 AM,FMH 314,,25,,"Smith-Henry, Dawn",Face-to-Face,,,
202690,ENGL 101,INTRO TO ACADEMIC WRITING,,,MW,11:30 AM - 12:50 PM,FMH 314,,25,,,Face-to-Face,,,
202690,CHEM 436,QUANTUM CHEMISTRY,,,R,6:00 PM - 8:50 PM,FMH 314,,25,,"Shakib, Farnaz",Face-to-Face,,,
202690,CHEM 658,ADVANCED PHYSICAL CHEM,,,R,6:00 PM - 8:50 PM,FMH 314,,25,,"Shakib, Farnaz",Face-to-Face,,,
202690,COM 313,WRITING IN THE WORKPLACE,,,T,6:00 PM - 8:50 PM,FMH 314,,25,,"Mednick, Kyle",Face-to-Face,,,
202690,ENGL 101,INTRO TO ACADEMIC WRITING,,,TF,10:00 AM - 11:20 AM,FMH 314,,25,,"English, Joshua",Face-to-Face,,,
202690,ENGL 101,INTRO TO ACADEMIC WRITING,,,TF,4:00 PM - 5:20 PM,FMH 314,,25,,"Chattaraj, Durba",Face-to-Face,,,
202690,ENGL 101,INTRO TO ACADEMIC WRITING,,,TF,8:30 AM - 9:50 AM,FMH 314,,25,,"Faison, Galen",Face-to-Face,,,
202690,ENGL 102,INTRO TO RESEARCH WRITING,,,TR,1:00 PM - 2:20 PM,FMH 314,,25,,,Face-to-Face,,,
202690,ENGL 102,INTRO TO RESEARCH WRITING,,,WF,1:00 PM - 2:20 PM,FMH 314,,25,,"Katz, Liana",Face-to-Face,,,
202690,HSS 404,MONSTERS: HUMANITY'S HIDDEN FACE,,,MR,11:30 AM - 12:50 PM,FMH 319,,32,,"Ciccolo, Drew",Face-to-Face,,,
202690,HSS 404,"THE BRICK CITY, HOW NEWARK BECAME NEWARK",,,MR,1:00 PM - 2:20 PM,FMH 319,,32,,"Ascarelli, Miriam",Face-to-Face,,,
202690,MATH 432,MATH OF FIN DERIVATIVES I - HONORS,,,MR,4:00 PM - 5:20 PM,FMH 319,,32,,"Bui, Trang",Face-to-Face,,,
202690,HIST 213,THE TWENTIETH-CENTURY WORLD,,,MW,10:00 AM - 11:20 AM,FMH 319,,32,,"Friedman, Matthew",Face-to-Face,,,
202690,ENGL 101,INTRO TO ACADEMIC WRITING- HONORS,,,MW,8:30 AM - 9:50 AM,FMH 319,,32,,"Gonzalez-Ledezma, Grisele",Face-to-Face,,,
202690,FYS SEM,FIRST-YEAR SEMINAR,,,R,10:00 AM - 11:20 AM,FMH 319,,32,,"Dover, Calron",Face-to-Face,,,
202690,YWCC 207,COMPUTING & EFFECTIVE COM,,,R,2:30 PM - 3:50 PM,FMH 319,,32,,"Yusuf, Fatima",Face-to-Face,,,
202690,LIT 355,POETRY,,,R,6:00 PM - 8:50 PM,FMH 319,,32,,"Curley, Jonathan",Face-to-Face,,,
202690,ENGL 101,INTRO TO ACADEMIC WRITING,,,TF,1:00 PM - 2:20 PM,FMH 319,,32,,"Delloiacono, Benjamin",Face-to-Face,,,
202690,ENGL 101,INTRO TO ACADEMIC WRITING,,,TF,2:30 PM - 3:50 PM,FMH 319,,32,,"Aladren, Vivian",Face-to-Face,,,
202690,ENGL 102,INTRO TO RESEARCH WRITING,,,TF,4:00 PM - 5:20 PM,FMH 319,,32,,"Mahfouz, Sabrina",Face-to-Face,,,
202690,HSS 404,LIFELONG LEARNING WITH AUDIOBOOKS,,,TR,8:30 AM - 9:50 AM,FMH 319,,32,,"Johnson, Carol",Face-to-Face,,,
202690,MTEN 410,SOFT MATERIALS,,,W,6:00 PM - 8:50 PM,FMH 319,,32,,"McEnnis, Kathleen",Face-to-Face,,,
202690,COM 325,ST: LEADERSHIP COMMUNICATION,,,M,6:00 PM - 8:50 PM,FMH 321,,32,,"Debord, Matthew",Face-to-Face,,,
202690,CS 241,FOUNDATIONS OF COMP SCIENCE I - HONORS,,,M,8:30 AM - 11:20 AM,FMH 321,,32,,"Koutis, Ioannis",Face-to-Face,,,
202690,PHIL 334,ENGINEERING ETHICS,,,MW,11:30 AM - 12:50 PM,FMH 321,,32,,"Burnside, Andrew",Face-to-Face,,,
202690,MTEN 610,FOUND OF MATERIALS SCI & ENGR,,,R,6:00 PM - 8:50 PM,FMH 321,,32,,"Zhao, Mark",Face-to-Face,,,
202690,PHIL 334,ENGINEERING ETHICS,,,TF,10:00 AM - 11:20 AM,FMH 321,,32,,"Estrada, Daniel",Face-to-Face,,,
202690,ENGL 101,INTRO TO ACADEMIC WRITING,,,TF,4:00 PM - 5:20 PM,FMH 321,,32,,"Thomas, Celina",Face-to-Face,,,
202690,ENGL 101,INTRO TO ACADEMIC WRITING,,,TR,11:30 AM - 12:50 PM,FMH 321,,32,,"Sasko, Claire",Face-to-Face,,,
202690,DS 110,BASIC FOUNDATIONS OF AI,,,TR,1:00 PM - 2:20 PM,FMH 321,,32,,"Phan, Hai",Face-to-Face,,,
202690,CE 321,WATER RESOURCES ENGR,,,TR,2:30 PM - 3:50 PM,FMH 321,,32,,"Nader, Wassim",Face-to-Face,,,
202690,HIST 320,LAW AND EVIDENCE,,,W,6:00 PM - 8:50 PM,FMH 321,,32,,"Brooks, Ashley",Face-to-Face,,,
202690,ENGL 101,INTRO TO ACADEMIC WRITING,,,WF,1:00 PM - 2:20 PM,FMH 321,,32,,"Lozauskas, Jeni",Face-to-Face,,,
202690,ECE 636,COMPUTER NETWORKING LABORATORY,,,M,6:00 PM - 8:50 PM,FMH 401A,,12,,"Heydarishahreza, Navid",Face-to-Face,,,
202690,MNET 420,QUALITY SYSTEMS,,,M,6:00 PM - 10:05 PM,FMH 403,,35,,"May, Edwin",Face-to-Face,,,
202690,CS 370,INTRO TO ARTIFCL INTELLGNCE - HONORS,,,MR,2:30 PM - 3:50 PM,FMH 403,,35,,"Arya, Shivvrat",Face-to-Face,,,
202690,MATH 712,NUMERICAL METHODS II,,,MW,10:00 AM - 11:20 AM,FMH 403,,35,,"Frederick, Christina",Face-to-Face,,,
202690,ID 340,MATERIALS AND PROCESSES,,,MW,11:30 AM - 12:50 PM,FMH 403,,35,,"Short, Martin",Face-to-Face,,,
202690,PHIL 334,ENGINEERING ETHICS,,,MW,1:00 PM - 2:20 PM,FMH 403,,35,,"Burnside, Andrew",Face-to-Face,,,
202690,PHIL 334,ENGINEERING ETHICS,,,MW,8:30 AM - 9:50 AM,FMH 403,,35,,"Estrada, Daniel",Face-to-Face,,,
202690,MECH 235,STATICS,,,T,6:00 PM - 10:05 PM,FMH 403,,35,,"Castro, Eduardo",Face-to-Face,,,
202690,ENGL 101,INTRO TO ACADEMIC WRITING,,,TF,2:30 PM - 3:50 PM,FMH 403,,35,,"Thomas, Celina",Face-to-Face,,,
202690,BME 303,BIO & CHEMICAL FOUND OF BME,,,TR,10:00 AM - 11:20 AM,FMH 403,,35,,"Lee, Eunjung",Face-to-Face,,,
202690,CE 320,FLUID MECHANICS,,,TR,11:30 AM - 1:35 PM,FMH 403,,35,,"Furey, Thomas",Face-to-Face,,,
202690,ENGL 101,INTRO TO ACADEMIC WRITING,,,TR,4:00 PM - 5:20 PM,FMH 403,,35,,"Aladren, Vivian",Face-to-Face,,,
202690,OPSE 301,OPTICAL SCI & ENGR OPTICS,,,T,6:00 PM - 8:50 PM,FMH 403B,,15,,"Hofmann, Tino",Face-to-Face,,,
202690,PHYS 611,ADV CLASSICAL MECHANICS,,,M,6:00 PM - 8:50 PM,FMH 404,,30,,"Zhou, Tao",Face-to-Face,,,
202690,MECH 236,DYNAMICS,,,R,11:30 AM - 1:35 PM,FMH 404,,30,,"Ding, Yuan",Face-to-Face,,,
202690,MECH 236,DYNAMICS - HONORS,,,R,11:30 AM - 1:35 PM,FMH 404,,30,,"Ding, Yuan",Face-to-Face,,,
202690,PHIL 334,ENGINEERING ETHICS,,,TF,1:00 PM - 2:20 PM,FMH 404,,30,,"Estrada, Daniel",Face-to-Face,,,
202690,BIOL 443,BIOL ADDICTION,,,TR,10:00 AM - 11:20 AM,FMH 404,,30,,"Nadim, Farzan",Face-to-Face,,,
202690,BIOL 643,BIOLOGY OF ADDICTION,,,TR,10:00 AM - 11:20 AM,FMH 404,,30,,"Nadim, Farzan",Face-to-Face,,,
202690,ENGL 101,INTRO TO ACADEMIC WRITING,,,TR,4:00 PM - 5:20 PM,FMH 404,,30,,"Coimbra, Natalie",Face-to-Face,,,
202690,COM 313,WRITING IN THE WORKPLACE- HONORS,,,MR,2:30 PM - 3:50 PM,FMH 405,,35,,"Crespo Solis, Andres",Face-to-Face,,,
202690,PHIL 334,ENGINEERING ETHICS,,,MW,10:00 AM - 11:20 AM,FMH 405,,35,,"Edel, Gareth",Face-to-Face,,,
202690,HIST 213,THE TWENTIETH-CENTURY WORLD,,,MW,11:30 AM - 12:50 PM,FMH 405,,35,,"Friedman, Matthew",Face-to-Face,,,
202690,COM 325,ST: ENGINEERING COMMUNICATION,,,MW,1:00 PM - 2:20 PM,FMH 405,,35,,"Laudenbach, Michael",Face-to-Face,,,
202690,HSS 404,"HONORS SEM: THE BRICK CITY, HOW NEWARK BECAME NEWARK - HONORS",,,MW,8:30 AM - 9:50 AM,FMH 405,,35,,"Ascarelli, Miriam",Face-to-Face,,,
202690,HIST 213,THE TWENTIETH-CENTURY WORLD,,,R,6:00 PM - 8:50 PM,FMH 405,,35,,"Morrison-Santana, Deborah",Face-to-Face,,,
202690,PHYS 780,ST: AI- AUGMENTED PHYSICS RESEARCH,,,T,6:00 PM - 8:50 PM,FMH 405,,35,,"Cohen, Barry",Face-to-Face,,,
202690,ENGL 101,INTRO TO ACADEMIC WRITING,,,TF,2:30 PM - 3:50 PM,FMH 405,,35,,"Chattaraj, Durba",Face-to-Face,,,
202690,BIOL 468,DISEASE ECOLOGY & EVOLUTION - HONORS,,,TR,11:30 AM - 12:50 PM,FMH 405,,35,,"Russell, Gareth",Face-to-Face,,,
202690,BIOL 668,EVOLUTIONARY MEDICINE,,,TR,11:30 AM - 12:50 PM,FMH 405,,35,,"Russell, Gareth",Face-to-Face,,,
202690,HIST 213,THE TWENTIETH-CENTURY WORLD,,,TR,1:00 PM - 2:20 PM,FMH 405,,35,,"Kostopoulou, Ilektra",Face-to-Face,,,
202690,ENGL 102,INTRO TO RESEARCH WRITING,,,TR,4:00 PM - 5:20 PM,FMH 405,,35,,"Hamai, Crystal",Face-to-Face,,,
202690,CHE 612,KINTCS OF RCTNS RCTR DGN,,,W,6:00 PM - 8:50 PM,FMH 405,,35,,"Wang, Xianqin",Face-to-Face,,,
202690,CHE 312,CHEMICAL PROCESS SAFETY,,,F,1:00 PM - 3:50 PM,FMH 407,,35,,"Cimino, Rich",Face-to-Face,,,
202690,CHE 312,CHEMICAL PROCESS SAFETY - HONORS,,,F,1:00 PM - 3:50 PM,FMH 407,,35,,"Cimino, Rich",Face-to-Face,,,
202690,MATH 238,GENERAL CALCULUS II,,,M,6:00 PM - 8:50 PM,FMH 407,,35,,"Hercules-Menjivar, Manuel",Face-to-Face,,,
202690,HIST 369,LAW AND SOCIETY IN HISTORY,,,MW,10:00 AM - 11:20 AM,FMH 407,,35,,"Lefkovitz, Alison",Face-to-Face,,,
202690,PHIL 334,ENGINEERING ETHICS,,,MW,11:30 AM - 12:50 PM,FMH 407,,35,,"Estrada, Daniel",Face-to-Face,,,
202690,HIST 367,INTERNATIONAL LAW AND DIPLMCY,,,MW,1:00 PM - 2:20 PM,FMH 407,,35,,"Schweizer, Karl",Face-to-Face,,,
202690,CE 350,TRANSPORTATION ENGR,,,R,6:00 PM - 8:50 PM,FMH 407,,35,,"Bai, Yun",Face-to-Face,,,
202690,CE 350,TRANSPORTATION ENGR - HONORS,,,R,6:00 PM - 8:50 PM,FMH 407,,35,,"Bai, Yun",Face-to-Face,,,
202690,IS 465,ADVANCED INFORMATION SYSTEMS,,,TF,10:00 AM - 11:20 AM,FMH 407,,35,,"Cartwright, Mark",Face-to-Face,,,
202690,MATH 309,MATH ANALYSIS FOR TECH,,,TF,6:00 PM - 8:00 PM,FMH 407,,35,,"Patiak, Benjamin",Face-to-Face,,,
202690,ENGL 101,INTRO TO ACADEMIC WRITING,,,TR,2:30 PM - 3:50 PM,FMH 407,,35,,"Rossi, Gabrielle",Face-to-Face,,,
202690,ENGL 101,INTRO TO ACADEMIC WRITING,,,TR,4:00 PM - 5:20 PM,FMH 407,,35,,"Chae, Jung Hae",Face-to-Face,,,
202690,MTSE 602,THERMODYNAMICS OF MATERL,,,W,6:00 PM - 8:50 PM,FMH 407,,35,,"Tyson, Trevor",Face-to-Face,,,
202690,CS 288,INTENSIVE PROGRAMMING IN LINUX,,,F,2:30 PM - 5:20 PM,FMH 408,,60,,"Mani, Kumar",Face-to-Face,,,
202690,PHYS 791,DOCTORAL SEMINAR,,,M,11:30 AM - 12:50 PM,FMH 408,,60,,"Ahn, Keun Hyuk",Face-to-Face,,,
202690,PHYS 111,PHYSICS I,,,R,6:00 PM - 8:50 PM,FMH 408,,60,,"Chen, Yusui",Face-to-Face,,,
202690,ME 407,HEAT TRANSFER,,,T,6:00 PM - 8:50 PM,FMH 408,,60,,"Balogh, Peter",Face-to-Face,,,
202690,IT 340,INTRO TO SYSTEM ADMINISTRATION,,,TF,8:30 AM - 9:50 AM,FMH 408,,60,,"Woodruff, Omar",Face-to-Face,,,
202690,BME 430,FUND OF TISSUE ENGINEERING,,,TR,1:00 PM - 2:20 PM,FMH 408,,60,,"Grasman, Jonathan",Face-to-Face,,,
202690,CS 118,INTRO TO COMP SCI II PYTHON,,,TR,2:30 PM - 3:50 PM,FMH 408,,60,,"Vaish, Prabhat",Face-to-Face,,,
202690,ME 316,MACHINE DESIGN,,,TR,4:00 PM - 5:20 PM,FMH 408,,60,,"Mu, Xiaoming",Face-to-Face,,,
202690,PHYS 234,PHYSICS III,,,W,6:00 PM - 8:50 PM,FMH 408,,60,,"Jerez, Andres",Face-to-Face,,,
202690,ME 407,HEAT TRANSFER,,,WF,10:00 AM - 11:20 AM,FMH 408,,60,,"Ali, Abul",Face-to-Face,,,
202690,FIN 218,FINANCL MARKETS & INSTITUTIONS,,,WF,1:00 PM - 2:20 PM,FMH 408,,60,,"Goswami, Bhaskar",Face-to-Face,,,
202690,BME 472,FDA REGULATION MEDICAL DEVICES,,,M,6:00 PM - 8:50 PM,FMH 409,,35,,"Moodey, Paul",Face-to-Face,,,
202690,MATH 690,ADV APPLIED MATH III,,,MR,4:00 PM - 5:20 PM,FMH 409,,35,,"Oza, Anand",Face-to-Face,,,
202690,COM 339,PRACTICAL JOURNALISM,,,MW,10:00 AM - 11:20 AM,FMH 409,,35,,"Ascarelli, Miriam",Face-to-Face,,,
202690,PSY 307,SS RESEARCH METHODS II,,,MW,1:00 PM - 2:20 PM,FMH 409,,35,,"Semizer, Yelda",Face-to-Face,,,
202690,COM 312,EFFECTIVE COMMUNICATION,,,MW,8:30 AM - 9:50 AM,FMH 409,,35,,"Edwards, Emily",Face-to-Face,,,
202690,CE 432,STEEL DESIGN,,,T,6:00 PM - 8:50 PM,FMH 409,,35,,"Wecharatana, Methi",Face-to-Face,,,
202690,STS 351,MIND AND MACHINES - HONORS,,,TF,8:30 AM - 9:50 AM,FMH 409,,35,,"Estrada, Daniel",Face-to-Face,,,
202690,STS 351,MINDS AND MACHINES,,,TF,8:30 AM - 9:50 AM,FMH 409,,35,,"Estrada, Daniel",Face-to-Face,,,
202690,PHIL 334,ENGINEERING ETHICS,,,TR,10:00 AM - 11:20 AM,FMH 409,,35,,"Anis, Manail",Face-to-Face,,,
202690,DS 340,FUND. AND PRIN. OF DS,,,TR,11:30 AM - 12:50 PM,FMH 409,,35,,"Bhavsar, Jaini",Face-to-Face,,,
202690,PHIL 334,ENGINEERING ETHICS,,,TR,1:00 PM - 2:20 PM,FMH 409,,35,,"Anis, Manail",Face-to-Face,,,
202690,COM 337,PHOTOJOURNALISM,,,TR,2:30 PM - 3:50 PM,FMH 409,,35,,"Johnson, Carol",Face-to-Face,,,
202690,FYS SEM,FIRST-YEAR SEMINAR,,,W,11:30 AM - 12:50 PM,FMH 409,,35,,"Stritehoff-Piro, Pamela",Face-to-Face,,,
202690,EVSC 616,TOXICOLOGY,,,W,6:00 PM - 8:50 PM,FMH 409,,35,,"Warner, Genoa",Face-to-Face,,,
202690,CE 431,CONTRUCTION MATERIALS LAB,,,M,10:00 AM - 12:50 PM,FMH 411,,40,,"Golon, Frank",Face-to-Face,,,
202690,MET 236,DYNAMICS FOR TECHNOLOGY,,,M,6:00 PM - 7:55 PM,FMH 411,,40,,"Botros, Mina",Face-to-Face,,,
202690,HSS 404,HAPPINESS AND THE GOOD LIFE,,,MR,8:30 AM - 9:50 AM,FMH 411,,40,,"Khichi, Neel",Face-to-Face,,,
202690,COM 325,ST: THE MUSIC BUSINESS,,,R,6:00 PM - 8:50 PM,FMH 411,,40,,"Worden, Michael",Face-to-Face,,,
202690,YWCC 307,PROFESSIONAL DEV IN COMPUTING,,,T,4:00 PM - 5:20 PM,FMH 411,,40,,"Ohshiro, Keita",Face-to-Face,,,
202690,BME 420,ADV BIOMATERIALS SCIENCE,,,TR,10:00 AM - 11:20 AM,FMH 411,,40,,"Chattaraj, Rajarshi",Face-to-Face,,,
202690,HSS 404,LIFELONG LEARNING WITH AUDIOBOOKS,,,TR,11:30 AM - 12:50 PM,FMH 411,,40,,"Johnson, Carol",Face-to-Face,,,
202690,HSS 404,HONORS SEM: NEWARK NARRATIVES: ART/CULTURE/SITE LITERACIES - HONORS,,,TR,1:00 PM - 2:20 PM,FMH 411,,40,,"Curley, Jonathan",Face-to-Face,,,
202690,IT 230,COMPUTER SYSTEMS SECURITY,,,TR,2:30 PM - 3:50 PM,FMH 411,,40,,"Giannoglou, Karl",Face-to-Face,,,
202690,EM 636,PROJECT MANAGEMENT,,,W,6:00 PM - 8:50 PM,FMH 411,,40,,"Zoppi, Philip",Face-to-Face,,,
202690,COM 312,EFFECTIVE COMMUNICATION,,,WF,10:00 AM - 11:20 AM,FMH 411,,40,,"Teicher, Julie",Face-to-Face,,,
202690,BIOL 342,DEVELOPMENTAL BIOLOGY,,,WF,1:00 PM - 2:20 PM,FMH 411,,40,,"Edgar, Allison",Face-to-Face,,,
202690,HSS 404,"MEMES: RHETORIC, GENRES, APPLICATIONS",,,WF,8:30 AM - 9:50 AM,FMH 411,,40,,"Deane, Johanna",Face-to-Face,,,
202690,FYS SEM,FIRST-YEAR SEMINAR,,,M,11:30 AM - 12:50 PM,FMH 412,,35,,"Yurista, AJ",Face-to-Face,,,
202690,FYS SEM,FIRST-YEAR SEMINAR,,,M,2:30 PM - 3:50 PM,FMH 412,,35,,"Sylla-Samassa, Djadji",Face-to-Face,,,
202690,ENGL 101,INTRO TO ACADEMIC WRITING,,,MR,10:00 AM - 11:20 AM,FMH 412,,35,,"Goldman, Molly",Face-to-Face,,,
202690,ENGL 101,INTRO TO ACADEMIC WRITING,,,MR,1:00 PM - 2:20 PM,FMH 412,,35,,"Gonzalez-Ledezma, Grisele",Face-to-Face,,,
202690,YWCC 307,PROFESSIONAL DEV IN COMPUTING,,,R,2:30 PM - 3:50 PM,FMH 412,,35,,"Ohshiro, Keita",Face-to-Face,,,
202690,HIST 325,ST: AI AND THE LAW,,,R,6:00 PM - 8:50 PM,FMH 412,,35,,"Cohen, Richard",Face-to-Face,,,
202690,FYS SEM,FIRST-YEAR SEMINAR,,,T,10:00 AM - 11:20 AM,FMH 412,,35,,"Wesson, Leigha",Face-to-Face,,,
202690,MATH 680,ADVANCED STATISTICAL LEARNING,,,T,6:00 PM - 8:50 PM,FMH 412,,35,,"Shang, Zuofeng",Face-to-Face,,,
202690,ENGL 102,INTRO TO RESEARCH WRITING,,,TF,2:30 PM - 3:50 PM,FMH 412,,35,,"Mahfouz, Sabrina",Face-to-Face,,,
202690,STS 201,UNDERSTANDING TECH SOCIETY,,,TF,4:00 PM - 5:20 PM,FMH 412,,35,,"Katz, Liana",Face-to-Face,,,
202690,ENGL 101,INTRO TO ACADEMIC WRITING,,,TR,11:30 AM - 12:50 PM,FMH 412,,35,,"Coppola, Michael",Face-to-Face,,,
202690,ENGL 101,INTRO TO ACADEMIC WRITING,,,TR,8:30 AM - 9:50 AM,FMH 412,,35,,"Sasko, Claire",Face-to-Face,,,
202690,FYS SEM,FIRST-YEAR SEMINAR,,,W,10:00 AM - 11:20 AM,FMH 412,,35,,"Adams, Tamicha",Face-to-Face,,,
202690,BME 676,COMPUTATIONAL BIOMECHANICS,,,W,6:00 PM - 8:50 PM,FMH 412,,35,,"Zhou, Xianlian",Face-to-Face,,,
202690,ENGL 101,INTRO TO ACADEMIC WRITING,,,WF,1:00 PM - 2:20 PM,FMH 412,,35,,"Jennings, Collin",Face-to-Face,,,
202690,ENGL 101,INTRO TO ACADEMIC WRITING,,,WF,8:30 AM - 9:50 AM,FMH 412,,35,,"Harris, Amanda",Face-to-Face,,,
202690,ARCH 301,DIGITAL MODELING & FABRICATION,,,M,6:00 PM - 8:50 PM,FMH 413,,35,,"Marchetto, Vincent",Face-to-Face,,,
202690,STS 221,INTRODUCTION TO SOCIOLOGY,,,MR,10:00 AM - 11:20 AM,FMH 413,,35,,"Reibstein, Sarah",Face-to-Face,,,
202690,COM 313,WRITING IN THE WORKPLACE,,,MR,2:30 PM - 3:50 PM,FMH 413,,35,,"Crovetto, Christina",Face-to-Face,,,
202690,COM 313,WRITING IN THE WORKPLACE,,,MR,8:30 AM - 9:50 AM,FMH 413,,35,,"Crespo Solis, Andres",Face-to-Face,,,
202690,CS 341,FOUND OF COMPUTER SCIENCE II-HONORS,,,MW,11:30 AM - 12:50 PM,FMH 413,,35,,"Nakayama, Marvin",Face-to-Face,,,
202690,COM 313,WRITING IN THE WORKPLACE,,,MW,1:00 PM - 2:20 PM,FMH 413,,35,,"Hamai, Crystal",Face-to-Face,,,
202690,YWCC 207,COMPUTING & EFFECTIVE COM,,,T,4:00 PM - 5:20 PM,FMH 413,,35,,"Hennessey, Casey",Face-to-Face,,,
202690,COM 312,EFFECTIVE COMMUNICATION,,,T,6:00 PM - 8:50 PM,FMH 413,,35,,"Esche, John",Face-to-Face,,,
202690,COM 313,WRITING IN THE WORKPLACE,,,TF,10:00 AM - 11:20 AM,FMH 413,,35,,"Apatoff, Benjamin",Face-to-Face,,,
202690,MATH 326,DISCRETE ANALYSIS FOR COE,,,TR,11:30 AM - 12:50 PM,FMH 413,,35,,"Rana Concepcion, Priyanka",Face-to-Face,,,
202690,IT 230,COMPUTER SYSTEMS SECURITY,,,TR,1:00 PM - 2:20 PM,FMH 413,,35,,"Giannoglou, Karl",Face-to-Face,,,
202690,MET 235,STATICS FOR TECHNOLOGY,,,W,6:00 PM - 8:50 PM,FMH 413,,35,,"Tawfik, Mena",Face-to-Face,,,
202690,COM 312,EFFECTIVE COMMUNICATION,,,WF,8:30 AM - 9:50 AM,FMH 413,,35,,"Teicher, Julie",Face-to-Face,,,
202690,ECE 414,ELECT & COMP ENGR PROJECT I,,,F,1:00 PM - 2:00 PM,GITC 1100,,100,,"Tsybeskov, Leonid",Face-to-Face,,,
202690,ECE 414,ELECT & COMP ENGR PROJECT I - HONORS,,,F,1:00 PM - 2:00 PM,GITC 1100,,100,,"Tsybeskov, Leonid",Face-to-Face,,,
202690,AS 335,LEADERSHIP LAB,,,F,7:00 AM - 9:00 AM,GITC 1100,,100,,"Phinney, John",Face-to-Face,,,
202690,ECET 400,SENIOR PROJECT,,,M,6:00 PM - 10:05 PM,GITC 1100,,100,,"Blinder, Alex",Face-to-Face,,,
202690,ARCH 210,HISTORY OF ARCHITECTURE I,,,MR,11:30 AM - 12:50 PM,GITC 1100,,100,,"Godel, Addison",Face-to-Face,,,
202690,CS 350,INTRO TO COMPUTER SYSTEMS,,,MW,10:00 AM - 11:20 AM,GITC 1100,,100,,"Ionescu, Adrian",Face-to-Face,,,
202690,CS 455,INTRO TO GPU CLUSTER PROG,,,MW,1:00 PM - 2:20 PM,GITC 1100,,100,,"Ojha, Suraj Kumar",Face-to-Face,,,
202690,CS 280,PROGRAMMING LANG CONCEPTS,,,MW,8:30 AM - 9:50 AM,GITC 1100,,100,,"Arafeh, Bassel",Face-to-Face,,,
202690,CS 280,PROGRAMMING LANG CONCEPTS,,,R,8:30 AM - 11:20 AM,GITC 1100,,100,,"Arafeh, Bassel",Face-to-Face,,,
202690,MECH 234,ENGINEERING MECHANICS,,,T,10:00 AM - 12:50 PM,GITC 1100,,100,,"Shabarek, Abdullah",Face-to-Face,,,
202690,CS 101,COMP PROG & PROB SOLVING,,,TF,2:30 PM - 3:50 PM,GITC 1100,,100,,"Shih, Frank",Face-to-Face,,,
202690,MATH 333,PROBABILITY AND STATISTICS,,,TR,1:00 PM - 2:20 PM,GITC 1100,,100,,"Blanset, Sarah",Face-to-Face,,,
202690,CS 100,ROADMAP TO COMPUTING,,,TR,4:00 PM - 5:20 PM,GITC 1100,,100,,"Islam, Akm",Face-to-Face,,,
202690,IT 120,INTRO TO NETWORKING TECHNOLOGY,,,M,6:00 PM - 8:50 PM,GITC 1202,,30,,"Apostolyuk, Vadym",Face-to-Face,,,
202690,IT 120,INTRO TO NETWORKING TECHNOLOGY,,,MR,10:00 AM - 11:20 AM,GITC 1202,,30,,"Woodruff, Omar",Face-to-Face,,,
202690,IT 420,COMPUTER SYSTEMS AND NETWORKS,,,MR,11:30 AM - 12:50 PM,GITC 1202,,30,,"Farley, Jennifer",Face-to-Face,,,
202690,IT 120,INTRO TO NETWORKING TECHNOLOGY,,,MR,8:30 AM - 9:50 AM,GITC 1202,,30,,"Woodruff, Omar",Face-to-Face,,,
202690,IT 420,COMPUTER SYSTEMS AND NETWORKS,,,MTRF,1:00 PM - 2:20 PM,GITC 1202,,30,,"Farley, Jennifer",Face-to-Face,,,
202690,IT 120,INTRO TO NETWORKING TECHNOLOGY,,,MTRF,2:30 PM - 3:50 PM,GITC 1202,,30,,"Farley, Jennifer",Face-to-Face,,,
202690,IT 120,INTRO TO NETWORKING TECHNOLOGY,,,T,6:00 PM - 8:50 PM,GITC 1202,,30,,"Martino, Daniel",Face-to-Face,,,
202690,IT 420,COMPUTER SYSTEMS AND NETWORKS,,,TF,10:00 AM - 11:20 AM,GITC 1202,,30,,"Farley, Jennifer",Face-to-Face,,,
202690,IT 420,COMPUTER SYSTEMS AND NETWORKS,,,W,6:00 PM - 8:50 PM,GITC 1202,,30,,"Grayson, Tanisha",Face-to-Face,,,
202690,ID 312,MECHANICS AND ELECTRONICS,,,TF,4:00 PM - 5:20 PM,GITC 1222,,15,,,Face-to-Face,,,
202690,FED 101,ECE - FUNDAMENTALS OF ENGINEERING DESIGN,,,M,10:00 AM - 12:50 PM,GITC 1400,,96,,"Feknous, Mohammed",Face-to-Face,,,
202690,CS 104,COMPUT PROG & GRAPH PROB,,,MR,8:30 AM - 9:50 AM,GITC 1400,,96,,"Eljabiri, Osama",Face-to-Face,,,
202690,BIOL 201,FOUND OF BIOL: CELL & MOLECULA,,,MW,1:00 PM - 2:20 PM,GITC 1400,,96,,"Konsolaki, Mary",Face-to-Face,,,
202690,MATH 244,INTRO TO PROBABILITY THEORY,,,TF,2:30 PM - 3:50 PM,GITC 1400,,96,,"Sun, Yan",Face-to-Face,,,
202690,CS 301,INTRODUCTION TO DATA SCIENCE - HONORS,,,TF,4:00 PM - 5:20 PM,GITC 1400,,96,,"Bakhshaliyev, Khalid",Face-to-Face,,,
202690,CS 101,COMP PROG & PROB SOLVING,,,TF,8:30 AM - 9:50 AM,GITC 1400,,96,,"Bhavsar, Jaini",Face-to-Face,,,
202690,CS 101,COMP PROG & PROB SOLVING,,,TR,11:30 AM - 12:50 PM,GITC 1400,,96,,"Mani, Kumar",Face-to-Face,,,
202690,ECE 422,COMPUTER COMM NETWORKS,,,TR,1:00 PM - 2:20 PM,GITC 1400,,96,,"Rojas-Cessa, Roberto",Face-to-Face,,,
202690,CS 356,INTRO TO COMPUTER NETWORKS,,,W,8:30 AM - 11:20 AM,GITC 1400,,96,,"Raza, Asad",Face-to-Face,,,
202690,ESC 620,DESIGN & PROTO FOR RESEARCH,,,MW,10:00 AM - 12:05 PM,GITC 1404,,24,,"Barak Ventura, Roni",Face-to-Face,,,
202690,ENGR 224,INTRO TO WELDING,,,R,6:00 PM - 8:50 PM,GITC 1404,,24,,"Ahluwalia, Walker",Face-to-Face,,,
202690,ENGR 320,PROTOTYPING ESSENTIALS,,,T,4:30 PM - 8:35 PM,GITC 1404,,24,,,Face-to-Face,,,
202690,ENGR 320,PROTOTYPING ESSENTIALS,,,TR,12:15 PM - 2:20 PM,GITC 1404,,24,,"Brateris, Daniel",Face-to-Face,,,
202690,ENGR 320,PROTOTYPING ESSENTIALS,,,TR,8:30 AM - 10:35 AM,GITC 1404,,24,,"Visakay, Alexander",Face-to-Face,,,
202690,ENGR 224,INTRO TO WELDING,,,W,6:00 PM - 8:50 PM,GITC 1404,,24,,,Face-to-Face,,,
202690,DS 732,THEORETICAL FOUNDATION OF ML,,,MW,1:00 PM - 2:20 PM,GITC 2121,,43,,"Nguyen, Thanh",Face-to-Face,,,
202690,CS 350,INTRO TO COMPUTER SYSTEMS,,,R,8:30 AM - 11:20 AM,GITC 2121,,43,,"Itani, Abdul-Rahman",Face-to-Face,,,
202690,CS 648,CYBER SEC INVESTIGATIONS & LAW,,,T,8:30 AM - 11:20 AM,GITC 2121,,43,,"Walsh, Sean",Face-to-Face,,,
202690,CS 632,ADV DATABASE SYSTEM DESIGN,,,TR,1:00 PM - 2:20 PM,GITC 2121,,43,,"Geller, James",Face-to-Face,,,
202690,DS 492,DATA SCIENCE CAPSTONE I,,,TR,4:00 PM - 5:20 PM,GITC 2121,,43,,"Xu, Mengjia",Face-to-Face,,,
202690,DS 492,DATA SCIENCE CAPSTONE I- HONORS,,,TR,4:00 PM - 5:20 PM,GITC 2121,,43,,"Xu, Mengjia",Face-to-Face,,,
202690,DS 493,DATA SCIENCE CAPSTONE II,,,TR,4:00 PM - 5:20 PM,GITC 2121,,43,,"Xu, Mengjia",Face-to-Face,,,
202690,DS 493,DATA SCIENCE CAPSTONE II- HONORS,,,TR,4:00 PM - 5:20 PM,GITC 2121,,43,,"Xu, Mengjia",Face-to-Face,,,
202690,CE 260,CIVIL ENGINEERNG METHODS,,,M,10:00 AM - 12:50 PM,GITC 2302,,30,,"Santos, Stephanie",Face-to-Face,,,
202690,IE 439,DETERMINISTIC MOD IN OPER RESR,,,M,6:00 PM - 8:50 PM,GITC 2302,,30,,"Shen, Bo",Face-to-Face,,,
202690,IE 439,DETERMINISTIC MOD IN OPER RESR - HONORS,,,M,6:00 PM - 8:50 PM,GITC 2302,,30,,"Shen, Bo",Face-to-Face,,,
202690,ET 103,INTRO TO ET DESIGN,,,MR,1:45 PM - 3:50 PM,GITC 2302,,30,,"Frank, Philip",Face-to-Face,,,
202690,CE 200A,SURVEYING LAB,,,S,9:00 AM - 3:00 PM,GITC 2302,,30,,"Zimmermann, William",Face-to-Face,,,
202690,CET 313,HEAVY HIGHWAY CONSTRUCTION,,,T,6:00 PM - 10:05 PM,GITC 2302,,30,,"McCall, Paul",Face-to-Face,,,
202690,IE 203,COMPUTER GRAPHICS IN IE,,,M,10:00 AM - 12:50 PM,GITC 2305,,35,,"Ranky, Paul",Face-to-Face,,,
202690,IE 334,ENGR ECON & CPTL INV ANALYSIS,,,MR,4:00 PM - 5:20 PM,GITC 2305,,35,,"Bengu, G.",Face-to-Face,,,
202690,IE 673,TOTAL QUALITY MANAGEMENT,,,R,6:00 PM - 8:50 PM,GITC 2305,,35,,"Ranky, Paul",Face-to-Face,,,
202690,CE 200A,SURVEYING LAB,,,S,9:00 AM - 3:00 PM,GITC 2305,,35,,,Face-to-Face,,,
202690,IE 335,ENGR COST ANALYSIS & CONTROL,,,TF,2:30 PM - 3:50 PM,GITC 2305,,35,,"Cai, Wenbo",Face-to-Face,,,
202690,IE 441,INFO & KNOW ENGR SYSTEMS,,,WF,10:00 AM - 11:20 AM,GITC 2305,,35,,"Das, Sanchoy",Face-to-Face,,,
202690,ECET 344,NUMERICAL COMP ENGR TECH,,,R,6:00 PM - 10:05 PM,GITC 2308,,20,,"Amboise, Wilex",Face-to-Face,,,
202690,MET 415,AUTOMATIC CONTROL SYSTEMS,,,TW,6:00 PM - 10:05 PM,GITC 2308,,20,,"Awad, Majd",Face-to-Face,,,
202690,MNE 601,COMPUTERIZED MANUFACTURING SYS,,,M,6:00 PM - 8:50 PM,GITC 2310,,20,,"Aristilde, Evens",Face-to-Face,,,
202690,IET 423,WORKPLACE DESIGN & MEASUREMENT,,,F,6:00 PM - 10:05 PM,GITC 2311,,20,,"Dyer, ShaQueel",Face-to-Face,,,
202690,MNET 303,ADV TECH IN CAD/CAM,,,M,6:00 PM - 10:05 PM,GITC 2311,,20,,"Dyer, ShaQueel",Face-to-Face,,,
202690,MNET 300,CONCEPTS IN MACHINING,,,MW,8:30 AM - 10:35 AM,GITC 2311,,20,,"Edlefsen, Blaine",Face-to-Face,,,
202690,MNET 215,MATS. AND PROCESSES FOR TECH.,,,R,6:00 PM - 10:05 PM,GITC 2311,,20,,"Orlos, Daniel",Face-to-Face,,,
202690,IE 339,WORK MEASUREMENT & STANDARDS,,,T,6:00 PM - 10:05 PM,GITC 2311,,20,,"Abdou, George",Face-to-Face,,,
202690,ECET 230,ELECTRONICS MANUFACTURING,,,TR,11:30 AM - 1:35 PM,GITC 2311,,20,,"Hansis, Christian",Face-to-Face,,,
202690,BMET 415,BIOMEDICAL MECHATRONICS,,,TR,2:30 PM - 4:35 PM,GITC 2311,,20,,"Yaramothu, Chang",Face-to-Face,,,
202690,MNET 215,MATS. AND PROCESSES FOR TECH.,,,TR,8:30 AM - 10:35 AM,GITC 2311,,20,,"Ahluwalia, Walker",Face-to-Face,,,
202690,IE 461,PRODUCT QUALITY ASSURANCE,,,W,6:00 PM - 8:50 PM,GITC 2311,,20,,"Abdou, George",Face-to-Face,,,
202690,ENGL 102,INTRO TO RESEARCH WRITING,,,MW,1:00 PM - 2:20 PM,GITC 2315A,,25,,"Manning, Sophia",Face-to-Face,,,
202690,COM 312,EFFECTIVE COMMUNICATION,,,TR,10:00 AM - 11:20 AM,GITC 2315A,,25,,"Kornfeld, Louis",Face-to-Face,,,
202690,ENGL 101,INTRO TO ACADEMIC WRITING,,,TR,11:30 AM - 12:50 PM,GITC 2315A,,25,,"Chae, Jung Hae",Face-to-Face,,,
202690,ENGL 102,INTRO TO RESEARCH WRITING,,,TR,1:00 PM - 2:20 PM,GITC 2315A,,25,,"Hamai, Crystal",Face-to-Face,,,
202690,COM 312,EFFECTIVE COMMUNICATION,,,TR,2:30 PM - 3:50 PM,GITC 2315A,,25,,"Kornfeld, Louis",Face-to-Face,,,
202690,ENGL 101,INTRO TO ACADEMIC WRITING,,,TR,4:00 PM - 5:20 PM,GITC 2315A,,25,,"Bruzzano, Carol",Face-to-Face,,,
202690,CMT 452,MECH & ELEC SYST-CONSTRU,,,F,6:00 PM - 10:05 PM,GITC 2400,,25,,"Botros, Mina",Face-to-Face,,,
202690,ENGR 330,APPL OF MICROCONTROLLERS & IOT,,,R,6:00 PM - 10:05 PM,GITC 2400,,25,,"Patel, Amit",Face-to-Face,,,
202690,CE 485,ST: BUILDING INFORMATION MODELING FOR DESIGN AND CONSTRUCTION,,,T,10:00 AM - 12:50 PM,GITC 2400,,25,,"Khalid, Mohammad",Face-to-Face,,,
202690,IT 265,GAME ARCHITECTURE AND DESIGN,,,M,6:00 PM - 8:50 PM,GITC 3200,,26,,"Spryszynski, Adam",Face-to-Face,,,
202690,IT 266,GAME MOD DEVELOPMENT,,,MW,10:00 AM - 11:20 AM,GITC 3200,,26,,"Kehoe, DJ",Face-to-Face,,,
202690,IT 487,ADVANCED GAME PRODUCTION,,,R,6:00 PM - 8:50 PM,GITC 3200,,26,,"Zhang, Lei",Face-to-Face,,,
202690,IT 360,GRAPHICS FOR VISUAL EFFECTS,,,T,6:00 PM - 8:50 PM,GITC 3200,,26,,"Weiss, Tomer",Face-to-Face,,,
202690,IT 286,FOUNDATIONS OF GAME PRODUCTION,,,TR,10:00 AM - 11:20 AM,GITC 3200,,26,,"Truesdell, Erin",Face-to-Face,,,
202690,IT 265,GAME ARCHITECTURE AND DESIGN,,,TR,2:30 PM - 3:50 PM,GITC 3200,,26,,"Toegel, Matt",Face-to-Face,,,
202690,IT 270,3D MODELING AND ANIMATION,,,W,6:00 PM - 8:50 PM,GITC 3200,,26,,"Kehoe, DJ",Face-to-Face,,,
202690,CS 490,DESIGN IN SOFTWARE ENGR,,,M,8:30 AM - 11:20 AM,GITC 3600,,50,,"Dale, Mohit",Face-to-Face,,,
202690,IT 490,SYSTEMS INTEGRATION,,,TR,10:00 AM - 11:20 AM,GITC 3600,,50,,"Kehoe, DJ",Face-to-Face,,,
202690,IT 466,3D GAME PROGRAMMING,,,TR,11:30 AM - 12:50 PM,GITC 3600,,50,,"Kehoe, DJ",Face-to-Face,,,
202690,IS 373,CONTENT MANAGEMENT SYSTEMS,,,TR,1:00 PM - 2:20 PM,GITC 3600,,50,,"Williams, Keith",Face-to-Face,,,
202690,IT 114,ADV PROGRAM FOR INFOR TECH,,,TR,4:00 PM - 5:20 PM,GITC 3600,,50,,"Halper, Michael",Face-to-Face,,,
202690,IT 490,SYSTEMS INTEGRATION,,,TR,6:00 PM - 8:50 PM,GITC 3600,,50,,"Patel, Dipesh",Face-to-Face,,,
202690,IT 380,EDUCATIONAL SOFTWARE DESIGN,,,W,6:00 PM - 8:50 PM,GITC 3600,,50,,"Spryszynski, Adam",Face-to-Face,,,
202690,CS 288,INTENSIVE PROGRAMMING IN LINUX,,,W,8:30 AM - 11:20 AM,GITC 3600,,50,,"Dale, Mohit",Face-to-Face,,,
202690,CE 791,GRADUATE SEMINAR,,,M,4:00 PM - 5:20 PM,GITC 4402,,55,,"Khalid, Mohammad",Face-to-Face,,,
202690,DS 644,INTRODUCTION TO BIG DATA,,,F,6:00 PM - 8:50 PM,HUD JC01,,25,,"Li, Yajuan",Face-to-Face,,,
202690,CS 631,DATA MGT SYSTEMS DESIGN,,,R,6:00 PM - 8:50 PM,HUD JC01,,25,,"Eren, Canan",Face-to-Face,,,
202690,DS 675,MACHINE LEARNING,,,T,6:00 PM - 8:50 PM,HUD JC01,,25,,"Zhang, Shuai",Face-to-Face,,,
202690,CS 643,CLOUD COMPUTING,,,W,6:00 PM - 8:50 PM,HUD JC01,,25,,"Borcea, Cristian",Face-to-Face,,,
202690,CS 656,INTRNET&HIGHER LAYER PRO,,,F,6:00 PM - 8:50 PM,HUD JC02,,25,,"Berenjian, Samaneh",Face-to-Face,,,
202690,DS 677,DEEP LEARNING,,,R,6:00 PM - 8:50 PM,HUD JC02,,25,,"Li, Daming",Face-to-Face,,,
202690,CS 645,SECURITY & PRIVACY IN COMP SYS,,,T,6:00 PM - 8:50 PM,HUD JC02,,25,,"Curtmola, Reza",Face-to-Face,,,
202690,DS 680,NATURAL LANGUAGE PROCESSING,,,F,6:00 PM - 8:50 PM,HUD JC03,,25,,"Li, Yingcong",Face-to-Face,,,
202690,IS 601,PYTHON FOR WEB API DEVELOPMENT,,,R,6:00 PM - 8:50 PM,HUD JC03,,25,,"Tolboom, Ryan",Face-to-Face,,,
202690,PHYS 121,PHYSICS II,,,M,6:00 PM - 8:50 PM,KUPF 103,,43,,"Gokce, Oktay",Face-to-Face,,,
202690,ACCT 115,FUND OF FINANCIAL ACCOUNTING,,,MR,1:00 PM - 2:20 PM,KUPF 103,,43,,"Tamke, William",Face-to-Face,,,
202690,CS 106,INTRO TO COMPUTING,,,MR,8:30 AM - 9:50 AM,KUPF 103,,43,,"Kapleau, Jonathan",Face-to-Face,,,
202690,ACCT 117,PRINCIPLES OF FIN ACCOUNTNG,,,R,6:00 PM - 8:50 PM,KUPF 103,,43,,"Derbaly, George",Face-to-Face,,,
202690,EPS 202,SOCIETY TECHN & ENVIRONMNT,,,T,6:00 PM - 8:50 PM,KUPF 103,,43,,"Wisneski, Elizabeth",Face-to-Face,,,
202690,EPS 202,"SOCIETY, TECHNOLOGY, AND THE ENVIRONMENT - HONORS",,,T,6:00 PM - 8:50 PM,KUPF 103,,43,,"Wisneski, Elizabeth",Face-to-Face,,,
202690,CS 280,PROGRAMMING LANG CONCEPTS,,,T,8:30 AM - 11:20 AM,KUPF 103,,43,,"Arafeh, Bassel",Face-to-Face,,,
202690,CS 106,INTRO TO COMPUTING,,,TF,1:00 PM - 2:20 PM,KUPF 103,,43,,"Kapleau, Jonathan",Face-to-Face,,,
202690,PHYS 122,ELECTRICITY & MAGNTSM ECE APPL,,,TF,2:30 PM - 3:50 PM,KUPF 103,,43,,"Zhou, Changshi",Face-to-Face,,,
202690,PHYS 203,THE EARTH IN SPACE,,,TF,4:00 PM - 5:20 PM,KUPF 103,,43,,"Maljian, Libarid",Face-to-Face,,,
202690,ECE 321,RANDOM SIGNALS AND NOISE,,,W,6:00 PM - 8:50 PM,KUPF 103,,43,,"Akansu, Ali",Face-to-Face,,,
202690,IS 350,"COMPUTERS, SOCIETY AND ETHICS",,,W,8:30 AM - 11:20 AM,KUPF 103,,43,,"Jones, Quentin",Face-to-Face,,,
202690,FIN 600,CORPORATE FINANCE I,,,M,6:00 PM - 8:50 PM,KUPF 104,,43,,"Tao, Xinyuan",Face-to-Face,,,
202690,CS 106,INTRO TO COMPUTING,,,MR,1:00 PM - 2:20 PM,KUPF 104,,43,,"Kapleau, Jonathan",Face-to-Face,,,
202690,ACCT 215,MANAGERIAL ACCOUNTING I,,,MR,2:30 PM - 3:50 PM,KUPF 104,,43,,"Tamke, William",Face-to-Face,,,
202690,MATH 105,ELEM PROBABILITY & STATISTICS,,,MR,8:30 AM - 9:50 AM,KUPF 104,,43,,"Jean, Jason",Face-to-Face,,,
202690,FIN 641,DERIVATIVES MARKETS,,,R,6:00 PM - 8:50 PM,KUPF 104,,43,,"Liu, Yanguang",Face-to-Face,,,
202690,MGMT 635,DATA MINING ANALYSIS MANAGERS,,,T,6:00 PM - 8:50 PM,KUPF 104,,43,,"Shohrab, Muntasir",Face-to-Face,,,
202690,MATH 101,FOUNDATIONS OF MATH LIB ARTS,,,TF,1:00 PM - 2:20 PM,KUPF 104,,43,,"Pop, Florin",Face-to-Face,,,
202690,MATH 105,ELEM PROBABILITY & STATISTICS,,,TR,4:00 PM - 5:20 PM,KUPF 104,,43,,"Llado-Wrzos, Michelle",Face-to-Face,,,
202690,ACCT 115,FUND OF FINANCIAL ACCOUNTING,,,W,6:00 PM - 8:50 PM,KUPF 104,,43,,"Li, Nichole",Face-to-Face,,,
202690,PHYS 202,INTRO ASTRONOMY COSMOLGY,,,M,6:00 PM - 8:50 PM,KUPF 105,,43,,"Kosovichev, Alexander",Face-to-Face,,,
202690,ACCT 115,FUND OF FINANCIAL ACCOUNTING,,,MR,2:30 PM - 3:50 PM,KUPF 105,,43,,"Li, Nichole",Face-to-Face,,,
202690,PHYS 102,GENERAL PHYSICS I,,,MW,11:30 AM - 12:50 PM,KUPF 105,,43,,"Zhou, Changshi",Face-to-Face,,,
202690,PSY 210,INTRODUCTION TO PSYCHOLOGY,,,T,6:00 PM - 8:50 PM,KUPF 105,,43,,"Oland, Brian",Face-to-Face,,,
202690,MATH 107,UNIVERSITY MATHEMATICS A,,,TF,10:00 AM - 11:20 AM,KUPF 105,,43,,"Peltekov, Ivaylo",Face-to-Face,,,
202690,MATH 238,GENERAL CALCULUS II,,,TF,2:30 PM - 3:50 PM,KUPF 105,,43,,"Horwitz, Kenneth",Face-to-Face,,,
202690,MGMT 216,BUSINESS DATA ANALYTICS,,,TR,8:30 AM - 9:50 AM,KUPF 105,,43,,"Gupta, Shubham",Face-to-Face,,,
202690,PHYS 121,PHYSICS II,,,W,6:00 PM - 8:50 PM,KUPF 105,,43,,"Zhou, Changshi",Face-to-Face,,,
202690,ECE 673,RANDOM SIGNAL ANALYSIS,,,F,6:00 PM - 8:50 PM,KUPF 106,,55,,"Abdi, Ali",Face-to-Face,,,
202690,ENTR 210,INTRO TO ENTREPRENEURSHIP,,,M,6:00 PM - 8:50 PM,KUPF 106,,55,,"Annett, Mark",Face-to-Face,,,
202690,CS 101,COMP PROG & PROB SOLVING,,,MR,1:00 PM - 2:20 PM,KUPF 106,,55,,"Rutkowski, Wallace",Face-to-Face,,,
202690,CS 101,COMP PROG & PROB SOLVING,,,MR,8:30 AM - 9:50 AM,KUPF 106,,55,,"Bhavsar, Jaini",Face-to-Face,,,
202690,FIN 310,DATA-DRIVEN FINANCIAL MODELING,,,MW,11:30 AM - 12:50 PM,KUPF 106,,55,,"Chang, Ai Chih",Face-to-Face,,,
202690,FIN 310,DATA-DRIVEN FINANCIAL MODELING - HONORS,,,MW,11:30 AM - 12:50 PM,KUPF 106,,55,,"Chang, Ai Chih",Face-to-Face,,,
202690,FIN 315,FUND OF CORPORATE FINANCE,,,R,6:00 PM - 8:50 PM,KUPF 106,,55,,"Fox, Wayne",Face-to-Face,,,
202690,CS 357,NETWORK SECURITY: ATTACK & DEF,,,T,6:00 PM - 8:50 PM,KUPF 106,,55,,"Raza, Asad",Face-to-Face,,,
202690,CS 100,ROADMAP TO COMPUTING,,,TF,10:00 AM - 11:20 AM,KUPF 106,,55,,"Serrano, Danzel",Face-to-Face,,,
202690,CHEM 243,ORGANIC CHEMISTRY I,,,TF,8:30 AM - 9:50 AM,KUPF 106,,55,,"Koh, Kevin",Face-to-Face,,,
202690,CS 375,INTRO TO MACHINE LEARNING,,,TR,11:30 AM - 12:50 PM,KUPF 106,,55,,"Bakhshaliyev, Khalid",Face-to-Face,,,
202690,CS 351,INTRODUCTION TO CYBERSECURITY,,,TR,2:30 PM - 3:50 PM,KUPF 106,,55,,"Raza, Asad",Face-to-Face,,,
202690,MIS 245,INTRO TO MNGMNT INFO SYST,,,W,6:00 PM - 8:50 PM,KUPF 106,,55,,"Sylla, Cheickna",Face-to-Face,,,
202690,PSY 210,INTRODUCTION TO PSYCHOLOGY,,,M,6:00 PM - 8:50 PM,KUPF 107,,43,,"Hall, Jill",Face-to-Face,,,
202690,MGMT 232,BUSINESS WITH BIG DATA,,,MR,2:30 PM - 3:50 PM,KUPF 107,,43,,"Keslin, Gregory",Face-to-Face,,,
202690,MGMT 190,INTRODUCTION TO BUSINESS,,,MW,11:30 AM - 12:50 PM,KUPF 107,,43,,"Salmeron, Maria",Face-to-Face,,,
202690,ACCT 115,FUND OF FINANCIAL ACCOUNTING,,,MW,1:00 PM - 2:20 PM,KUPF 107,,43,,"Li, Nichole",Face-to-Face,,,
202690,MGMT 416,AI FOR BUSINESS DECISIONS,,,MW,8:30 AM - 9:50 AM,KUPF 107,,43,,"Fox, Wayne",Face-to-Face,,,
202690,MGMT 416,AI FOR BUSINESS DECISIONS - HONORS,,,MW,8:30 AM - 9:50 AM,KUPF 107,,43,,"Fox, Wayne",Face-to-Face,,,
202690,ACCT 425,TAX ACCOUNTING I,,,R,6:00 PM - 8:50 PM,KUPF 107,,43,,"Tang, Ariel",Face-to-Face,,,
202690,ACCT 615,MANAGEMENT ACCOUNTING,,,T,6:00 PM - 8:50 PM,KUPF 107,,43,,"Taylor, Ming",Face-to-Face,,,
202690,MRKT 632,STRATEGIC MRKT MANAGEMENT,,,T,6:00 PM - 8:50 PM,KUPF 107,,43,,"Zhang, Haisu",Face-to-Face,,,
202690,PHYS 121,PHYSICS II,,,TF,10:00 AM - 11:20 AM,KUPF 107,,43,,"Zhou, Changshi",Face-to-Face,,,
202690,CHEM 125,GENERAL CHEMISTRY I,,,TF,2:30 PM - 3:50 PM,KUPF 107,,43,,"Agarwal, Seema",Face-to-Face,,,
202690,CS 104,COMPUT PROG & GRAPH PROB,,,TR,11:30 AM - 12:50 PM,KUPF 107,,43,,"Dale, Mohit",Face-to-Face,,,
202690,PSY 210,INTRODUCTION TO PSYCHOLOGY,,,TR,8:30 AM - 9:50 AM,KUPF 107,,43,,"Morgenstern, Leonore",Face-to-Face,,,
202690,PHYS 202,INTRO ASTRONOMY COSMOLGY,,,W,6:00 PM - 8:50 PM,KUPF 107,,43,,"Maljian, Libarid",Face-to-Face,,,
202690,PHYS 102,GENERAL PHYSICS I,,,M,6:00 PM - 8:50 PM,KUPF 108,,44,,"Sudhakaran, Akshay",Face-to-Face,,,
202690,MATH 105,ELEM PROBABILITY & STATISTICS,,,MR,2:30 PM - 3:50 PM,KUPF 108,,44,,"Carfora, Kristin",Face-to-Face,,,
202690,MGMT 290,BUSINESS LAW I,,,MW,11:30 AM - 12:50 PM,KUPF 108,,44,,"Fox, Wayne",Face-to-Face,,,
202690,CHEM 243,ORGANIC CHEMISTRY I,,,MW,8:30 AM - 9:50 AM,KUPF 108,,44,,"Gund, Tamara",Face-to-Face,,,
202690,PSY 210,INTRODUCTION TO PSYCHOLOGY,,,R,6:00 PM - 8:50 PM,KUPF 108,,44,,"Oland, Brian",Face-to-Face,,,
202690,PHYS 111,PHYSICS I,,,T,6:00 PM - 8:50 PM,KUPF 108,,44,,"Chen, Yusui",Face-to-Face,,,
202690,PHYS 203,THE EARTH IN SPACE,,,TF,2:30 PM - 3:50 PM,KUPF 108,,44,,"Maljian, Libarid",Face-to-Face,,,
202690,MATH 113,FINITE MATH & CALCULUS I,,,TF,8:30 AM - 9:50 AM,KUPF 108,,44,,"Peltekov, Ivaylo",Face-to-Face,,,
202690,MATH 107,UNIVERSITY MATHEMATICS A,,,TR,10:00 AM - 11:20 AM,KUPF 108,,44,,"Theodore, Scott",Face-to-Face,,,
202690,MATH 107,UNIVERSITY MATHEMATICS A,,,TR,11:30 AM - 12:50 PM,KUPF 108,,44,,"Theodore, Scott",Face-to-Face,,,
202690,PSY 210,INTRODUCTION TO PSYCHOLOGY,,,W,6:00 PM - 8:50 PM,KUPF 108,,44,,"Hall, Jill",Face-to-Face,,,
202690,THTR 201,INTRO TO THEATRE,,,MW,10:00 AM - 11:20 AM,KUPF 110,,25,,"Reyes, Rodney",Face-to-Face,,,
202690,THTR 213,THEATRE DIRECTING,,,MW,1:00 PM - 2:20 PM,KUPF 110,,25,,"Reyes, Rodney",Face-to-Face,,,
202690,THTR 202,ACTING FUNDAMENTALS,,,TR,10:00 AM - 11:20 AM,KUPF 110,,25,,"Edwards, Emily",Face-to-Face,,,
202690,THTR 250,THEATRICAL DESIGN FUNDAMENTALS,,,TR,11:30 AM - 12:50 PM,KUPF 110,,25,,"Blumner, Zach",Face-to-Face,,,
202690,THTR 257,STAGE MANAGEMENT,,,TR,1:00 PM - 2:20 PM,KUPF 110,,25,,"Edwards, Emily",Face-to-Face,,,
202690,MECH 234,ENGINEERING MECHANICS,,,M,11:30 AM - 2:20 PM,KUPF 117,,90,,"Castro, Eduardo",Face-to-Face,,,
202690,MECH 234,ENGINEERING MECHANICS - HONORS,,,M,11:30 AM - 2:20 PM,KUPF 117,,90,,"Castro, Eduardo",Face-to-Face,,,
202690,CHEM 244,ORGANIC CHEMISTRY II,,,MR,2:30 PM - 3:50 PM,KUPF 117,,90,,"Gund, Tamara",Face-to-Face,,,
202690,CS 490,DESIGN IN SOFTWARE ENGR,,,MW,10:00 AM - 11:20 AM,KUPF 117,,90,,"Kellogg, Martin",Face-to-Face,,,
202690,CS 490,DESIGN IN SOFTWARE ENGR- HONORS,,,MW,10:00 AM - 11:20 AM,KUPF 117,,90,,"Kellogg, Martin",Face-to-Face,,,
202690,FED 101,ECE - FUNDAMENTALS OF ENGINEERING DESIGN,,,R,11:30 AM - 2:20 PM,KUPF 117,,90,,"Manzhura, Oksana",Face-to-Face,,,
202690,CS 388,ANDROID APPLICATION DEVELOPMNT,,,TF,10:00 AM - 11:20 AM,KUPF 117,,90,,"Neamtiu, Iulian",Face-to-Face,,,
202690,MATH 105,ELEM PROBABILITY & STATISTICS,,,TF,1:00 PM - 2:20 PM,KUPF 117,,90,,"Carter, Sunletha",Face-to-Face,,,
202690,MGMT 216,BUSINESS DATA ANALYTICS,,,TF,2:30 PM - 3:50 PM,KUPF 117,,90,,"Choi, Anna Seo Gyeong",Face-to-Face,,,
202690,HIST 390,HISTL PROB THROUGH FILM,,,F,1:00 PM - 3:50 PM,KUPF 118,,80,,"Kostopoulou, Ilektra",Face-to-Face,,,
202690,CS 280,PROGRAMMING LANG CONCEPTS,,,MW,10:00 AM - 11:20 AM,KUPF 118,,80,,"Arafeh, Bassel",Face-to-Face,,,
202690,ECE 431,INTRO TO FEEDBACK CONTROL SYST,,,MW,11:30 AM - 12:50 PM,KUPF 118,,80,,"Wang, Cong",Face-to-Face,,,
202690,CS 301,INTRODUCTION TO DATA SCIENCE,,,MW,1:00 PM - 2:20 PM,KUPF 118,,80,,"Koutis, Ioannis",Face-to-Face,,,
202690,MATH 279,STATS &PROBABILITY FOR ENGR,,,R,9:15 AM - 11:20 AM,KUPF 118,,80,,"Pole, Andrew",Face-to-Face,,,
202690,HSS 404,"HISTORY SEMINAR: HEALTH, JUSTICE, AND CAPITALISM - HONORS",,,TF,10:00 AM - 11:20 AM,KUPF 118,,80,,"Pemberton, Stephen",Face-to-Face,,,
202690,MATH 138,GENERAL CALCULUS I,,,TF,4:00 PM - 5:20 PM,KUPF 118,,80,,"Dandan, Raed",Face-to-Face,,,
202690,BNFO 135,PROGRAMMING FOR BIOINFORMATICS,,,TR,11:30 AM - 12:50 PM,KUPF 118,,80,,"Yusuf, Fatima",Face-to-Face,,,
202690,CHE 260,FLUID FLOW,,,TR,1:00 PM - 3:05 PM,KUPF 118,,80,,"Venerus, David",Face-to-Face,,,
202690,THTR 258,STAGECRAFT I,,,M,6:00 PM - 8:50 PM,KUPF 129,,25,,"Zencheck, Jonathan",Face-to-Face,,,
202690,THTR 361,STAGECRAFT III,,,R,6:00 PM - 8:50 PM,KUPF 129,,25,,"Zencheck, Jonathan",Face-to-Face,,,
202690,ECE 488,APPL AI ALGORITHMS & SYSTEMS,,,M,6:00 PM - 8:50 PM,KUPF 202,,43,,"Liu, Qing",Face-to-Face,,,
202690,CHEM 125,GENERAL CHEMISTRY I,,,MR,10:00 AM - 11:20 AM,KUPF 202,,43,,"Kikhwa, Miryam",Face-to-Face,,,
202690,YWCC 691,GRADUATE CAPSTONE PROJECT,,,R,6:00 PM - 8:50 PM,KUPF 202,,43,,"Vaish, Prabhat",Face-to-Face,,,
202690,FIN 417,INVESTMENTS MANAGEMENT,,,T,6:00 PM - 8:50 PM,KUPF 202,,43,,"Hammond, John",Face-to-Face,,,
202690,IS 331,"DATABASE DESIGN, MGMT & APPL",,,TF,8:30 AM - 9:50 AM,KUPF 202,,43,,"Chiusano, Mark",Face-to-Face,,,
202690,ME 408,MECHANICAL SYSTEMS DESIGN II,,,TR,1:00 PM - 2:20 PM,KUPF 202,,43,,"Sodhi, Rajpal",Face-to-Face,,,
202690,ME 408,MECHANICAL SYSTEMS DESIGN II - HONORS,,,TR,1:00 PM - 2:20 PM,KUPF 202,,43,,"Sodhi, Rajpal",Face-to-Face,,,
202690,MATH 213,CALCULUS III B,,,TRF,4:00 PM - 5:20 PM,KUPF 202,,43,,"Ward, Peter",Face-to-Face,,,
202690,ME 304,FLUID MECHANICS,,,W,6:00 PM - 8:50 PM,KUPF 202,,43,,"Alisafaei, Farid",Face-to-Face,,,
202690,ECON 201,ECONOMICS,,,F,8:30 AM - 11:20 AM,KUPF 203,,43,,"Bonitsis, Theologos",Face-to-Face,,,
202690,CHEM 125,GENERAL CHEMISTRY I,,,M,6:00 PM - 8:50 PM,KUPF 203,,43,,"Lee, Sean",Face-to-Face,,,
202690,CS 106,INTRO TO COMPUTING,,,MR,10:00 AM - 11:20 AM,KUPF 203,,43,,"Kapleau, Jonathan",Face-to-Face,,,
202690,CS 100,ROADMAP TO COMPUTING,,,MR,1:00 PM - 2:20 PM,KUPF 203,,43,,"Pethkar, Kaustubh Vijaykumar",Face-to-Face,,,
202690,CS 100,ROADMAP TO COMPUTING,,,MW,8:30 AM - 9:50 AM,KUPF 203,,43,,"Pethkar, Kaustubh Vijaykumar",Face-to-Face,,,
202690,ARCH 583,ST: LANSCAPE AND AMERICAN CULTURE,,,R,6:00 PM - 8:50 PM,KUPF 203,,43,,"Coleman, James",Face-to-Face,,,
202690,CS 100,ROADMAP TO COMPUTING,,,TF,1:00 PM - 2:20 PM,KUPF 203,,43,,"Islam, Akm",Face-to-Face,,,
202690,CS 113,INTRO COMPUTER SCI I,,,TR,11:30 AM - 12:50 PM,KUPF 203,,43,,"Pethkar, Kaustubh Vijaykumar",Face-to-Face,,,
202690,CS 113,INTRO COMPUTER SCI I,,,TR,4:00 PM - 5:20 PM,KUPF 203,,43,,"Soltis, Jolanta",Face-to-Face,,,
202690,CS 100,ROADMAP TO COMPUTING,,,TR,8:30 AM - 9:50 AM,KUPF 203,,43,,"Qerimaj, Jertishta",Face-to-Face,,,
202690,FIN 218,FINANCL MARKETS & INSTITUTIONS,,,W,6:00 PM - 8:50 PM,KUPF 203,,43,,"Goswami, Bhaskar",Face-to-Face,,,
202690,CS 241,FOUNDATIONS OF COMP SCIENCE I,,,F,2:30 PM - 5:20 PM,KUPF 204,,43,,"Le, Huong",Face-to-Face,,,
202690,MGMT 190,INTRODUCTION TO BUSINESS,,,M,6:00 PM - 8:50 PM,KUPF 204,,43,,"Roman, Joseph",Face-to-Face,,,
202690,MGMT 190,INTRODUCTION TO BUSINESS,,,MR,2:30 PM - 3:50 PM,KUPF 204,,43,,"Salmeron, Maria",Face-to-Face,,,
202690,PHYS 111,PHYSICS I,,,MW,10:00 AM - 11:20 AM,KUPF 204,,43,,"Zhou, Changshi",Face-to-Face,,,
202690,MGMT 190,INTRODUCTION TO BUSINESS,,,MW,8:30 AM - 9:50 AM,KUPF 204,,43,,"Salmeron, Maria",Face-to-Face,,,
202690,MNET 414,INDUSTRIAL COST ANALYSIS,,,R,6:00 PM - 8:50 PM,KUPF 204,,43,,"Zeiner, Christopher",Face-to-Face,,,
202690,ACCT 115,FUND OF FINANCIAL ACCOUNTING,,,T,6:00 PM - 8:50 PM,KUPF 204,,43,,"Nwachuku, Adaeze",Face-to-Face,,,
202690,MATH 135,CALCULUS FOR BUSINESS,,,TF,1:00 PM - 2:20 PM,KUPF 204,,43,,"Kim, Chulmin",Face-to-Face,,,
202690,BIOL 115,EVOLUTION OF SEX,,,TR,11:30 AM - 12:50 PM,KUPF 204,,43,,"Nelson, Michael",Face-to-Face,,,
202690,MATH 238,GENERAL CALCULUS II,,,TR,4:00 PM - 5:20 PM,KUPF 204,,43,,"Zaleski, Philip",Face-to-Face,,,
202690,MATH 135,CALCULUS FOR BUSINESS,,,TR,8:30 AM - 9:50 AM,KUPF 204,,43,,"Aucoin, Alexa",Face-to-Face,,,
202690,CS 610,DATA STRUCTURE & ALG,,,W,6:00 PM - 8:50 PM,KUPF 204,,43,,"Xu, Pan",Face-to-Face,,,
202690,CE 360,CIVIL ENGINEERING MATERIALS,,,F,6:00 PM - 8:50 PM,KUPF 205,,60,,"Aboobaker, Nazhat",Face-to-Face,,,
202690,MRKT 330,PRINCIPLES OF MARKETING,,,M,6:00 PM - 8:50 PM,KUPF 205,,60,,"Mehta, Rajiv",Face-to-Face,,,
202690,ACCT 117,PRINCIPLES OF FIN ACCOUNTNG,,,MR,10:00 AM - 11:20 AM,KUPF 205,,60,,"Taylor, Ming",Face-to-Face,,,
202690,AD 201,HUMAN FACTORS/ERGONOMICS,,,MR,8:30 AM - 9:50 AM,KUPF 205,,60,,"Alcala, Jose",Face-to-Face,,,
202690,CS 332,PRINCIPLES OF OPER SYS,,,MW,11:30 AM - 12:50 PM,KUPF 205,,60,,"Gerbessiotis, Alexandros",Face-to-Face,,,
202690,MGMT 290,BUSINESS LAW I,,,MW,1:00 PM - 2:20 PM,KUPF 205,,60,,"Chamoun, Rony",Face-to-Face,,,
202690,FYS SEM,FIRST-YEAR SEMINAR,,,R,2:30 PM - 3:50 PM,KUPF 205,,60,,"Baldwin, Ryan",Face-to-Face,,,
202690,ME 231,KINEMATICS OF MACHINERY,,,R,6:00 PM - 8:50 PM,KUPF 205,,60,,"Ji, Zhiming",Face-to-Face,,,
202690,STS 363,SUSTAINABILITY STUDIES,,,T,6:00 PM - 8:50 PM,KUPF 205,,60,,"Cohen, Maurie",Face-to-Face,,,
202690,STS 363,SUSTAINABILITY STUDIES - HONORS,,,T,6:00 PM - 8:50 PM,KUPF 205,,60,,"Cohen, Maurie",Face-to-Face,,,
202690,CS 332,PRINCIPLES OF OPER SYS,,,T,8:30 AM - 11:20 AM,KUPF 205,,60,,"Naik, Kamlesh",Face-to-Face,,,
202690,MATH 107,UNIVERSITY MATHEMATICS A,,,TF,1:00 PM - 2:20 PM,KUPF 205,,60,,"Peltekov, Ivaylo",Face-to-Face,,,
202690,ACCT 325,INTERMEDIATE ACCOUNTING I,,,TR,11:30 AM - 12:50 PM,KUPF 205,,60,,"Tamke, William",Face-to-Face,,,
202690,FIN 410,DATA MINING & MACHINE LEARNING,,,TR,4:00 PM - 5:20 PM,KUPF 205,,60,,"Yu, Dantong",Face-to-Face,,,
202690,FIN 306,BLOCKCHAIN TECH FOR BUSINESS,,,W,6:00 PM - 8:50 PM,KUPF 205,,60,,"Li, Jixing",Face-to-Face,,,
202690,IT 400,INFORMTN TECHNLGY & THE LAW,,,M,6:00 PM - 8:50 PM,KUPF 206,,43,,"Daou, Tania",Face-to-Face,,,
202690,ACCT 117,PRINCIPLES OF FIN ACCOUNTNG,,,MR,11:30 AM - 12:50 PM,KUPF 206,,43,,"Derbaly, George",Face-to-Face,,,
202690,PHYS 121,PHYSICS II,,,MR,2:30 PM - 3:50 PM,KUPF 206,,43,,"Zhou, Changshi",Face-to-Face,,,
202690,MATH 107,UNIVERSITY MATHEMATICS A,,,MW,10:00 AM - 11:20 AM,KUPF 206,,43,,"Nair, Sudha",Face-to-Face,,,
202690,CS 332,PRINCIPLES OF OPER SYS,,,MW,1:00 PM - 2:20 PM,KUPF 206,,43,,"Gerbessiotis, Alexandros",Face-to-Face,,,
202690,CS 351,INTRODUCTION TO CYBERSECURITY,,,R,6:00 PM - 8:50 PM,KUPF 206,,43,,"Hamidli, Fuad",Face-to-Face,,,
202690,CS 301,INTRODUCTION TO DATA SCIENCE,,,T,6:00 PM - 8:50 PM,KUPF 206,,43,,"Le, Huong",Face-to-Face,,,
202690,CS 332,PRINCIPLES OF OPER SYS,,,TF,2:30 PM - 3:50 PM,KUPF 206,,43,,"Naik, Kamlesh",Face-to-Face,,,
202690,MATH 105,ELEM PROBABILITY & STATISTICS,,,TF,8:30 AM - 9:50 AM,KUPF 206,,43,,"Horwitz, Kenneth",Face-to-Face,,,
202690,CHEM 125,GENERAL CHEMISTRY I,,,TR,10:00 AM - 11:20 AM,KUPF 206,,43,,"DeSantis, Christopher",Face-to-Face,,,
202690,IT 342,CLOUD ADMINISTRATION,,,TR,4:00 PM - 5:20 PM,KUPF 206,,43,,"Woodruff, Omar",Face-to-Face,,,
202690,CS 210,TECH HIST OF COMP,,,W,6:00 PM - 8:50 PM,KUPF 206,,43,,"Koblentz, Evan",Face-to-Face,,,
202690,PHYS 111,PHYSICS I,,,M,6:00 PM - 8:50 PM,KUPF 207,,43,,"Chen, Yusui",Face-to-Face,,,
202690,COM 313,WRITING IN THE WORKPLACE,,,MR,11:30 AM - 12:50 PM,KUPF 207,,43,,"Crovetto, Christina",Face-to-Face,,,
202690,PHYS 203,THE EARTH IN SPACE,,,MR,1:00 PM - 2:20 PM,KUPF 207,,43,,"Maljian, Libarid",Face-to-Face,,,
202690,PHYS 111,PHYSICS I,,,MW,8:30 AM - 9:50 AM,KUPF 207,,43,,"Hussein, Nancy",Face-to-Face,,,
202690,FYS SEM,FIRST-YEAR SEMINAR,,,R,10:00 AM - 11:20 AM,KUPF 207,,43,,"DeGraff, Kristen",Face-to-Face,,,
202690,FIN 218,FINANCL MARKETS & INSTITUTIONS,,,R,6:00 PM - 8:50 PM,KUPF 207,,43,,"Hammond, John",Face-to-Face,,,
202690,PHYS 102,GENERAL PHYSICS I,,,T,6:00 PM - 8:50 PM,KUPF 207,,43,,"Stefan, John",Face-to-Face,,,
202690,MATH 107,UNIVERSITY MATHEMATICS A,,,TF,1:00 PM - 2:20 PM,KUPF 207,,43,,"DeGroot, Jack",Face-to-Face,,,
202690,MATH 107,UNIVERSITY MATHEMATICS A,,,TF,4:00 PM - 5:20 PM,KUPF 207,,43,,"Smaily, Cambiz",Face-to-Face,,,
202690,ACCT 215,MANAGERIAL ACCOUNTING I,,,TR,8:30 AM - 9:50 AM,KUPF 207,,43,,"Tamke, William",Face-to-Face,,,
202690,PHYS 103,GENERAL PHYSICS II,,,W,6:00 PM - 8:50 PM,KUPF 207,,43,,"Gokce, Oktay",Face-to-Face,,,
202690,ECON 266,MACROECONOMICS,,,F,6:00 PM - 8:50 PM,KUPF 208,,43,,"Chou, Porchiung",Face-to-Face,,,
202690,PHYS 102,GENERAL PHYSICS I,,,R,6:00 PM - 8:50 PM,KUPF 208,,43,,"Azizighannad, Samar",Face-to-Face,,,
202690,MGMT 190,INTRODUCTION TO BUSINESS,,,T,6:00 PM - 8:50 PM,KUPF 208,,43,,"Joseph, Miranda",Face-to-Face,,,
202690,CS 106,INTRO TO COMPUTING,,,TR,11:30 AM - 12:50 PM,KUPF 208,,43,,"Rutkowski, Wallace",Face-to-Face,,,
202690,CS 101,COMP PROG & PROB SOLVING,,,TR,4:00 PM - 5:20 PM,KUPF 208,,43,,"Mani, Kumar",Face-to-Face,,,
202690,PHYS 102,GENERAL PHYSICS I,,,W,6:00 PM - 8:50 PM,KUPF 208,,43,,"Stefan, John",Face-to-Face,,,
202690,PHYS 121,PHYSICS II,,,WF,1:00 PM - 2:20 PM,KUPF 208,,43,,"Zhou, Changshi",Face-to-Face,,,
202690,ECE 368,SIGNAL TRANSMISSION,,,M,6:00 PM - 8:50 PM,KUPF 209,,60,,"Grebel, Haim",Face-to-Face,,,
202690,PHYS 103,GENERAL PHYSICS II,,,MR,2:30 PM - 3:50 PM,KUPF 209,,60,,"Opyrchal, Halina",Face-to-Face,,,
202690,BIOL 315,PRINCIPLES OF NEUROBIOLOGY,,,MW,11:30 AM - 12:50 PM,KUPF 209,,60,,"Severi, Kristen",Face-to-Face,,,
202690,PHYS 103,GENERAL PHYSICS II,,,MW,1:00 PM - 2:20 PM,KUPF 209,,60,,"Opyrchal, Halina",Face-to-Face,,,
202690,ME 315,STRESS ANALYSIS,,,T,6:00 PM - 8:50 PM,KUPF 209,,60,,"Liu, Xing",Face-to-Face,,,
202690,PHYS 111,PHYSICS I - HONORS,,,TR,10:00 AM - 11:20 AM,KUPF 209,,60,,"Kuzichev, Ilya",Face-to-Face,,,
202690,BME 321,ADV MECHANICS FOR BIOMED ENGR,,,TR,11:30 AM - 12:50 PM,KUPF 209,,60,,"Cecen, Volkan",Face-to-Face,,,
202690,FIN 306,BLOCKCHAIN TECH FOR BUSINESS,,,TR,1:00 PM - 2:20 PM,KUPF 209,,60,,"Li, Jixing",Face-to-Face,,,
202690,FIN 306,BLOCKCHAIN TECH FOR BUSINESS - HONORS,,,TR,1:00 PM - 2:20 PM,KUPF 209,,60,,"Li, Jixing",Face-to-Face,,,
202690,ECE 321,RANDOM SIGNALS AND NOISE,,,W,6:00 PM - 8:50 PM,KUPF 209,,60,,"Ghosh, Arnob",Face-to-Face,,,
202690,CS 331,DATABASE SYSTEM DESIGN & MGMT,,,MR,1:00 PM - 2:20 PM,KUPF 210,,60,,"Eren, Canan",Face-to-Face,,,
202690,MIS 363,PROJCT MNGMNT FOR MANAGERS,,,MW,11:30 AM - 12:50 PM,KUPF 210,,60,,"Shohrab, Muntasir",Face-to-Face,,,
202690,ECE 361,EM FIELDS AND PROPAGATION,,,R,6:00 PM - 10:05 PM,KUPF 210,,60,,"Manzhura, Oksana",Face-to-Face,,,
202690,CHEM 121,FUND OF CHEMICAL PRINCIPLES I,,,T,6:00 PM - 8:50 PM,KUPF 210,,60,,"Morales Navas, Camila",Face-to-Face,,,
202690,MATH 473,INTERMED DIFFEREN EQUATN,,,TF,2:30 PM - 3:50 PM,KUPF 210,,60,,"Booty, Michael",Face-to-Face,,,
202690,MATH 573,INTERMED DIFF EQUATIONS,,,TF,2:30 PM - 3:50 PM,KUPF 210,,60,,"Booty, Michael",Face-to-Face,,,
202690,PHYS 420,SPECIAL RELATIVITY,,,TR,11:30 AM - 12:50 PM,KUPF 210,,60,,"Maljian, Libarid",Face-to-Face,,,
202690,COM 313,WRITING IN THE WORKPLACE,,,MR,11:30 AM - 12:50 PM,KUPF 211,,90,,"Crespo Solis, Andres",Face-to-Face,,,
202690,CS 350,INTRO TO COMPUTER SYSTEMS,,,MR,1:00 PM - 2:20 PM,KUPF 211,,90,,"Itani, Abdul-Rahman",Face-to-Face,,,
202690,CS 350,INTRO TO COMPUTER SYSTEMS,,,MR,2:30 PM - 3:50 PM,KUPF 211,,90,,"Itani, Abdul-Rahman",Face-to-Face,,,
202690,ECE 421,DIGITAL DATA COMMUNICATION,,,R,6:00 PM - 8:50 PM,KUPF 211,,90,,"Kam, Moshe",Face-to-Face,,,
202690,ECE 251,DIGITAL DESIGN,,,T,6:00 PM - 10:05 PM,KUPF 211,,90,,"Yousef, Ahmed",Face-to-Face,,,
202690,CS 288,INTENSIVE PROGRAMMING IN LINUX,,,WF,1:00 PM - 2:20 PM,KUPF 211,,90,,"Dale, Mohit",Face-to-Face,,,
202690,MNET 315,INDUSTRIAL STATISTICS,,,F,6:00 PM - 10:05 PM,MALL PC36,,25,,"May, Edwin",Face-to-Face,,,
202690,MET 105,APPLIED CAD,,,MR,6:00 PM - 8:50 PM,MALL PC36,,25,,"Shamroukh, Ramy",Face-to-Face,,,
202690,ET 103,INTRO TO ET DESIGN,,,T,6:00 PM - 10:05 PM,MALL PC36,,25,,"Beshay, Joseph",Face-to-Face,,,
202690,ET 103,INTRO TO ET DESIGN,,,TR,11:30 AM - 1:35 PM,MALL PC36,,25,,"Sodhi, Jaskirat",Face-to-Face,,,
202690,ET 103,INTRO TO ET DESIGN,,,W,6:00 PM - 10:05 PM,MALL PC36,,25,,"Rodriguez, Max",Face-to-Face,,,
202690,ET 103,INTRO TO ET DESIGN,,,M,6:00 PM - 10:05 PM,MALL PC37,,30,,"Orlos, Daniel",Face-to-Face,,,
202690,SET 301,ROUTE SURVEYING,,,R,6:00 PM - 10:05 PM,MALL PC37,,30,,"Todosov, Angel",Face-to-Face,,,
202690,SET 400,DIGITAL SURVEYING METHODS,,,S,9:00 AM - 3:00 PM,MALL PC37,,30,,"Todosov, Angel",Face-to-Face,,,
202690,PSY 307A,SS RESEARCH METHODS II LAB,,,T,11:30 AM - 1:35 PM,MALL PC37,,30,,"Semizer, Yelda",Face-to-Face,,,
202690,MET 105,APPLIED CAD,,,T,6:00 PM - 8:50 PM,MALL PC37,,30,,"Rodriguez, Max",Face-to-Face,,,
202690,MET 105,APPLIED CAD,,,F,6:00 PM - 8:50 PM,MALL PC39,,25,,"Lanfrank, Mark",Face-to-Face,,,
202690,ET 103,INTRO TO ET DESIGN,,,MR,10:45 AM - 12:50 PM,MALL PC39,,25,,"Visakay, Alexander",Face-to-Face,,,
202690,SET 200A,INTRODUCTION TO GEOMATICS LAB,,,S,9:00 AM - 2:50 PM,MALL PC39,,25,,"Todosov, Angel",Face-to-Face,,,
202690,CE 260,CIVIL ENGINEERNG METHODS,,,T,2:30 PM - 5:20 PM,MALL PC39,,25,,"Santos, Stephanie",Face-to-Face,,,
202690,CE 260,CIVIL ENGINEERNG METHODS,,,T,6:00 PM - 8:50 PM,MALL PC39,,25,,"Santos, Stephanie",Face-to-Face,,,
202690,CE 260,CIVIL ENGINEERNG METHODS-HONORS,,,T,6:00 PM - 8:50 PM,MALL PC39,,25,,"Santos, Stephanie",Face-to-Face,,,
202690,COM 353,APPLIED VISUAL COMMUNICATION,,,W,6:00 PM - 8:50 PM,MALL PC39,,25,,"Funkhouser, Christopher",Face-to-Face,,,
202690,CET 331,STRUCTURAL SYSTEMS,,,M,6:00 PM - 10:05 PM,MALL PC40,,25,,"Porcello, Zachary",Face-to-Face,,,
202690,MET 205,ADVANCED CAD,,,MW,11:30 AM - 1:35 PM,MALL PC40,,25,,"Sodhi, Jaskirat",Face-to-Face,,,
202690,PSY 304A,SS RESEARCH METHODS I LAB,,,T,10:00 AM - 12:05 PM,MALL PC40,,25,,"Hunt, Theresa",Face-to-Face,,,
202690,ET 103,INTRO TO ET DESIGN,,,TF,2:30 PM - 4:35 PM,MALL PC40,,25,,"Rahman, Sahidur",Face-to-Face,,,
202690,CET 317,CONSTRUCTION COMPUTING,,,W,6:00 PM - 10:05 PM,MALL PC40,,25,,"Hawes, David",Face-to-Face,,,
202690,ME 406,MECHANICAL LABORATORY III,,,R,6:00 PM - 8:50 PM,ME 110,,20,,"Lee, Eon Soo",Face-to-Face,,,
202690,ME 343,MECHANICAL LABORATORY I,,,F,6:00 PM - 10:05 PM,ME 214,,20,,"Reddy, Trivikrama",Face-to-Face,,,
202690,ME 441,COMP SIM & ANALYSIS MECH ENGR,,,F,2:30 PM - 5:20 PM,ME 219,,30,,"Moon, Swapnil",Face-to-Face,,,
202690,ME 430,INTRO COMPUTER AIDED DES,,,M,6:00 PM - 10:05 PM,ME 219,,30,,"Russell, Kevin",Face-to-Face,,,
202690,ME 430,INTRO COMPUTER AIDED DES,,,R,6:00 PM - 10:05 PM,ME 219,,30,,"Moon, Swapnil",Face-to-Face,,,
202690,ME 635,COMPUTER-AIDED DESIGN,,,T,6:00 PM - 8:50 PM,ME 219,,30,,"Moon, Swapnil",Face-to-Face,,,
202690,IS 350,"COMPUTERS, SOCIETY AND ETHICS",,,F,8:30 AM - 11:20 AM,ME 221,,60,,"Jones, Quentin",Face-to-Face,,,
202690,CE 341,GEOTECHNICAL ENGINEERING,,,M,6:00 PM - 8:50 PM,ME 221,,60,,"Ciancia, Andrew",Face-to-Face,,,
202690,FIN 430,OPTIONS AND FUTURES MARKETS,,,MW,10:00 AM - 11:20 AM,ME 221,,60,,"Ehrlich, Michael",Face-to-Face,,,
202690,CS 331,DATABASE SYSTEM DESIGN & MGMT,,,MW,11:30 AM - 12:50 PM,ME 221,,60,,"Sharma, Shantanu",Face-to-Face,,,
202690,PSY 201,ORIENTATION PSYCH AS BEHAV SCI,,,MW,8:30 AM - 9:50 AM,ME 221,,60,,"Dickerman, Laura Devorah",Face-to-Face,,,
202690,IE 443,SENIOR PROJECT I,,,R,11:30 AM - 3:50 PM,ME 221,,60,,"Abdel-Malek, Layek",Face-to-Face,,,
202690,IE 443,SENIOR PROJECT I - HONORS,,,R,11:30 AM - 3:50 PM,ME 221,,60,,"Abdel-Malek, Layek",Face-to-Face,,,
202690,EM 602,MANAGEMENT SCIENCE,,,R,6:00 PM - 8:50 PM,ME 221,,60,,"Abdel-Malek, Layek",Face-to-Face,,,
202690,MECH 238,APPLICATION OF DYNAMICS,,,T,3:15 PM - 5:20 PM,ME 221,,60,,"Rached, Safwan",Face-to-Face,,,
202690,ME 408,MECHANICAL SYSTEMS DESIGN II,,,T,6:00 PM - 8:50 PM,ME 221,,60,,"Sodhi, Rajpal",Face-to-Face,,,
202690,PHYS 320,ASTRONOMY AND ASTROPHYSICS I,,,TF,1:00 PM - 2:20 PM,ME 221,,60,,"Yu, Sijie",Face-to-Face,,,
202690,ECE 451,ADVANCED COMPUTER ARCHITECTURE,,,TR,10:00 AM - 11:20 AM,ME 221,,60,,"Angizi, Shaahin",Face-to-Face,,,
202690,IE 791,GRADUATE SEMINAR,,,W,1:00 PM - 2:20 PM,ME 221,,60,,"Alisafaei, Farid",Face-to-Face,,,
202690,ME 791,MECHANICAL ENGR COLLOQUIUM,,,W,1:00 PM - 2:20 PM,ME 221,,60,,"Alisafaei, Farid",Face-to-Face,,,
202690,CS 670,ARTIFICIAL INTELLIGENCE,,,MR,2:30 PM - 3:50 PM,ME 224,,60,,"Liu, Chengjun",Face-to-Face,,,
202690,CHEM 360,ENVIRONMENTAL CHEMISTRY I,,,MW,8:30 AM - 9:50 AM,ME 224,,60,,"Khalizov, Alexei",Face-to-Face,,,
202690,MGMT 680,ENTREPREN:STRAT NEW BUS,,,R,6:00 PM - 8:50 PM,ME 224,,60,,"Bandera, Cesar",Face-to-Face,,,
202690,ME 312,THERMODYNAMICS II,,,T,6:00 PM - 8:50 PM,ME 224,,60,,"Datta, Dibakar",Face-to-Face,,,
202690,MIS 245,INTRO TO MNGMNT INFO SYST,,,TF,2:30 PM - 3:50 PM,ME 224,,60,,"Grossman, Riley",Face-to-Face,,,
202690,CHE 230,CHEM ENGINEER THERMODYNAMICS I,,,TR,10:00 AM - 12:05 PM,ME 224,,60,,"Molodetsky, Irina",Face-to-Face,,,
202690,DS 100,BASIC FOUNDATIONS OF DS,,,TR,1:00 PM - 2:20 PM,ME 224,,60,,"Kaur, Ravneet",Face-to-Face,,,
202690,FIN 417,INVESTMENTS MANAGEMENT,,,TR,8:30 AM - 9:50 AM,ME 224,,60,,"Wang, Jinghua",Face-to-Face,,,
202690,ENTR 210,INTRO TO ENTREPRENEURSHIP,,,WF,10:00 AM - 11:20 AM,ME 224,,60,,"Zhang, Xi",Face-to-Face,,,
202690,CS 101,COMP PROG & PROB SOLVING,,,WF,1:00 PM - 2:20 PM,ME 224,,60,,"Rutkowski, Wallace",Face-to-Face,,,
202690,CHE 496,CHEMICAL ENGINEERING LAB II,,,TR,8:30 AM - 11:20 AM,TIER 007B,,30,,"Rankin, Rees",Face-to-Face,,,
202690,MATH 305,STATISTICS FOR TECHNOLOGY,,,M,6:00 PM - 8:50 PM,TIER 105,,37,,"Natarajan, Padma",Face-to-Face,,,
202690,CHEM 340,CHEMISTRY OF MATERIALS,,,MW,11:30 AM - 12:50 PM,TIER 105,,37,,"Eberhart, Michael",Face-to-Face,,,
202690,MATH 225,SURVEY OF PROB AND STATS,,,R,10:00 AM - 11:00 AM,TIER 105,,37,,"DeGroot, Jack",Face-to-Face,,,
202690,CHE 101,INTRO TO CHEMICAL ENGINEERING,,,R,4:00 PM - 5:00 PM,TIER 105,,37,,"Axe, Lisa",Face-to-Face,,,
202690,EVSC 610,ENVIRONMENTAL CHEMICAL SCIENCE,,,R,6:00 PM - 8:50 PM,TIER 105,,37,,"Zhang, Lijie",Face-to-Face,,,
202690,MATH 630,LINEAR ALGEBRA & APPLICA,,,T,6:00 PM - 8:50 PM,TIER 105,,37,,"Ammicht, Egbert",Face-to-Face,,,
202690,MATH 138,GENERAL CALCULUS I,,,TF,1:00 PM - 2:20 PM,TIER 105,,37,,"Horwitz, Kenneth",Face-to-Face,,,
202690,MATH 662,PROBABILITY DISTRIBUTIONS,,,W,6:00 PM - 8:50 PM,TIER 105,,37,,"Dhar, Sunil",Face-to-Face,,,
202690,PHYS 731,QUANTUM MECHANICS II,,,MW,10:00 AM - 11:20 AM,TIER 106,,40,,"Zhou, Tao",Face-to-Face,,,
202690,BIOL 432,INTRO TO COMP NEUROSCIENCE,,,MW,11:30 AM - 12:50 PM,TIER 106,,40,,"Rotstein, Horacio",Face-to-Face,,,
202690,BIOL 635,INTRO TO COMP NEUROSCIENCE,,,MW,11:30 AM - 12:50 PM,TIER 106,,40,,"Rotstein, Horacio",Face-to-Face,,,
202690,MATH 430,ANALYTICL & COMPUTNL NEUROSCI,,,MW,11:30 AM - 12:50 PM,TIER 106,,40,,"Rotstein, Horacio",Face-to-Face,,,
202690,MATH 635,ANALYTCL COMPUTATIONAL NEURO,,,MW,11:30 AM - 12:50 PM,TIER 106,,40,,"Rotstein, Horacio",Face-to-Face,,,
202690,MATH 222,DIFFERENTIAL EQUATIONS,,,MWF,8:30 AM - 9:50 AM,TIER 106,,40,,"Tsipenyuk, Natalya",Face-to-Face,,,
202690,STS 352,RACE AND ETHNICITY,,,T,6:00 PM - 8:50 PM,TIER 106,,40,,"Dickerman, Laura Devorah",Face-to-Face,,,
202690,MATH 333,PROBABILITY AND STATISTICS,,,TF,4:00 PM - 5:20 PM,TIER 106,,40,,"Natarajan, Padma",Face-to-Face,,,
202690,MATH 211,CALCULUS III A,,,TR,11:30 AM - 12:50 PM,TIER 106,,40,,"Bouayad, Rachid",Face-to-Face,,,
202690,MATH 211,CALCULUS III A,,,TR,1:00 PM - 2:20 PM,TIER 106,,40,,"Luke, Jonathan",Face-to-Face,,,
202690,BME 451,BIOMECH OF HUMAN MOVEMENT,,,TR,8:30 AM - 9:50 AM,TIER 106,,40,,"Son, Jongsang",Face-to-Face,,,
202690,BIOL 205,FOUND OF BIO:ECOL & EVOL I-HONORS,,,WF,1:00 PM - 2:20 PM,TIER 106,,40,,"Barden, Phillip",Face-to-Face,,,
202690,ENGR 301,ENGR APPLICATIONS OF DATA SCI,,,MW,8:30 AM - 10:35 AM,TIER 107,,37,,"Tuchinda, Nutth",Face-to-Face,,,
202690,MATH 211,CALCULUS III A,,,TR,10:00 AM - 11:20 AM,TIER 107,,37,,"Boubendir, Yassine",Face-to-Face,,,
202690,MATH 222,DIFFERENTIAL EQUATIONS,,,TRF,4:00 PM - 5:20 PM,TIER 107,,37,,"Alptekin, Sener",Face-to-Face,,,
202690,COM 312,EFFECTIVE COMMUNICATION,,,WF,1:00 PM - 2:20 PM,TIER 107,,37,,"Teicher, Julie",Face-to-Face,,,
202690,MATH 213,CALCULUS III B,,,WF,6:00 PM - 7:55 PM,TIER 107,,37,,"Ionescu, Adrian",Face-to-Face,,,
202690,MATH 346,MATHEMATICS OF FINANCE I,,,MW,10:00 AM - 11:20 AM,TIER 108,,40,,"Bui, Trang",Face-to-Face,,,
202690,MATH 331,INTRO PARTIAL DIFF EQ,,,MW,11:30 AM - 12:50 PM,TIER 108,,40,,"Oza, Anand",Face-to-Face,,,
202690,BME 352,THERMAL SCIENCE FOR BME,,,MW,8:30 AM - 9:50 AM,TIER 108,,40,,"Cecen, Volkan",Face-to-Face,,,
202690,MATH 138,GENERAL CALCULUS I,,,TR,10:00 AM - 11:20 AM,TIER 108,,40,,"Ro, Je Hyun",Face-to-Face,,,
202690,MATH 105,ELEM PROBABILITY & STATISTICS,,,TR,11:30 AM - 12:50 PM,TIER 108,,40,,"Carter, Sunletha",Face-to-Face,,,
202690,MATH 213,CALCULUS III B,,,TRF,4:00 PM - 5:20 PM,TIER 108,,40,,"Potocki-Dul, Magdallena",Face-to-Face,,,
202690,MATH 222,DIFFERENTIAL EQUATIONS,,,TRF,8:30 AM - 9:50 AM,TIER 108,,40,,"Alptekin, Sener",Face-to-Face,,,
202690,MATH 107,UNIVERSITY MATHEMATICS A,,,MR,2:30 PM - 3:50 PM,TIER 111,,37,,"Jean, Jason",Face-to-Face,,,
202690,MET 303,APPLIED THERMODYNAMICS,,,R,6:00 PM - 8:50 PM,TIER 111,,37,,"Rohafza, Ali",Face-to-Face,,,
202690,MATH 448,STOCHASTIC SIMULATION,,,T,6:00 PM - 8:50 PM,TIER 111,,37,,"Horntrop, David",Face-to-Face,,,
202690,MATH 138,GENERAL CALCULUS I,,,TR,11:30 AM - 12:50 PM,TIER 111,,37,,"Flax, Amy",Face-to-Face,,,
202690,ARCH 483,ST: BIO BASED MATERIALS,,,W,6:00 PM - 8:50 PM,TIER 111,,37,,"Yupanqui Velazco, Ines",Face-to-Face,,,
202690,IS 257,DESIGN THINKING: ADDRESSING STRUCTURAL INEQUALITY - HONORS,,,MW,10:00 AM - 11:20 AM,TIER 112,,37,,"Lee, Michael",Face-to-Face,,,
202690,MATH 138,GENERAL CALCULUS I,,,TF,4:00 PM - 5:20 PM,TIER 112,,37,,"Milojevic, Petronije",Face-to-Face,,,
202690,MATH 213,CALCULUS III B,,,TRF,8:30 AM - 9:50 AM,TIER 112,,37,,"Barreto Aranda, Victor",Face-to-Face,,,
202690,ARCH 483,ST: ARCHITECT AS INFLUENCER,,,M,6:00 PM - 8:50 PM,TIER 113,,37,,"Berlinghieri, Joseph",Face-to-Face,,,
202690,MATH 631,LINEAR ALGEBRA,,,MW,10:00 AM - 11:20 AM,TIER 113,,37,,"Massatt, Daniel",Face-to-Face,,,
202690,MATH 341,STATISTICAL METHODS I,,,TF,4:00 PM - 5:20 PM,TIER 113,,37,,"Subramanian, Sundarraman",Face-to-Face,,,
202690,MATH 211,CALCULUS III A,,,W,6:00 PM - 8:50 PM,TIER 113,,37,,"Patiak, Benjamin",Face-to-Face,,,
202690,ENGL 102,INTRO TO RESEARCH WRITING,,,MR,11:30 AM - 12:50 PM,TIER 114,,32,,"Goldman, Molly",Face-to-Face,,,
202690,MATH 613,ADV APPLIED MATH-MODELNG,,,MR,4:00 PM - 5:20 PM,TIER 114,,32,,"Jaquette, Jonathan",Face-to-Face,,,
202690,FRSC 201,INTRO TO FORENSIC SCIENCE,,,MW,10:00 AM - 11:20 AM,TIER 114,,32,,"Fisher, David",Face-to-Face,,,
202690,HSS 404,CHALLENGES OF WORK A.I. AND AUTOMATION,,,MW,1:00 PM - 2:20 PM,TIER 114,,32,,"Edel, Gareth",Face-to-Face,,,
202690,MECH 236,DYNAMICS,,,T,3:15 PM - 5:20 PM,TIER 114,,32,,"Ding, Yuan",Face-to-Face,,,
202690,PHEN 601,PRINC OF PHARMCTCL ENGR,,,T,6:00 PM - 8:50 PM,TIER 114,,32,,"Bernhardt, Marc",Face-to-Face,,,
202690,FRSC 201,INTRO TO FORENSIC SCIENCE,,,TR,10:00 AM - 11:20 AM,TIER 114,,32,,"Casado Zapico, Sai",Face-to-Face,,,
202690,MATH 651,METHODS OF APPLIED MATH I,,,TR,8:30 AM - 9:50 AM,TIER 114,,32,,"Young, Yuan-Nan",Face-to-Face,,,
202690,FRSC 201,INTRO TO FORENSIC SCIENCE,,,W,6:00 PM - 8:50 PM,TIER 114,,32,,"Winter, Andrew",Face-to-Face,,,
202690,AS 333,LEADING PEOPLE & EFFECTIVE COM,,,W,7:00 AM - 9:50 AM,TIER 114,,32,,"Phinney, John",Face-to-Face,,,
202690,CHEM 125A,GENERAL CHEMISTRY  LAB I,,,F,1:00 PM - 3:50 PM,TIER 204,,30,,"Chen, Logan",Face-to-Face,,,
202690,CHEM 125A,GENERAL CHEMISTRY  LAB I,,,F,6:00 PM - 8:50 PM,TIER 204,,30,,"Chen, Logan",Face-to-Face,,,
202690,CHEM 125A,GENERAL CHEMISTRY  LAB I,,,F,8:30 AM - 11:20 AM,TIER 204,,30,,"Islam, Mohammad Saiful",Face-to-Face,,,
202690,CHEM 125A,GENERAL CHEMISTRY  LAB I,,,MT,11:30 AM - 2:20 PM,TIER 204,,30,,"Gu, Pin",Face-to-Face,,,
202690,CHEM 125A,GENERAL CHEMISTRY  LAB I,,,MT,6:00 PM - 8:50 PM,TIER 204,,30,,"Zhang, Xueyan",Face-to-Face,,,
202690,CHEM 125A,GENERAL CHEMISTRY  LAB I,,,MT,8:30 AM - 11:20 AM,TIER 204,,30,,"Gu, Pin",Face-to-Face,,,
202690,CHEM 125A,GENERAL CHEMISTRY  LAB I,,,R,11:30 AM - 2:20 PM,TIER 204,,30,,"Roy, Sagar",Face-to-Face,,,
202690,CHEM 125A,GENERAL CHEMISTRY  LAB I,,,R,2:30 PM - 5:20 PM,TIER 204,,30,,"Gu, Pin",Face-to-Face,,,
202690,CHEM 125A,GENERAL CHEMISTRY  LAB I,,,R,6:00 PM - 8:50 PM,TIER 204,,30,,"Gu, Pin",Face-to-Face,,,
202690,CHEM 125A,GENERAL CHEMISTRY  LAB I,,,T,2:30 PM - 5:20 PM,TIER 204,,30,,"Castro, Alfredo",Face-to-Face,,,
202690,CHEM 125A,GENERAL CHEMISTRY  LAB I,,,W,11:30 AM - 2:20 PM,TIER 204,,30,,"Liang, Bingyi",Face-to-Face,,,
202690,CHEM 125A,GENERAL CHEMISTRY  LAB I,,,W,6:00 PM - 8:50 PM,TIER 204,,30,,"Islam, Mohammad Saiful",Face-to-Face,,,
202690,CHEM 125A,GENERAL CHEMISTRY  LAB I,,,WR,8:30 AM - 11:20 AM,TIER 204,,30,,"Liang, Bingyi",Face-to-Face,,,
202690,EVSC 484,ENVIRONMENTAL ANALYSIS,,,M,6:00 PM - 10:05 PM,TIER 205,,20,,"Eshun, Gaddi",Face-to-Face,,,
202690,EVSC 612,ENVIRONMENTAL ANALYSIS,,,M,6:00 PM - 10:05 PM,TIER 205,,20,,"Eshun, Gaddi",Face-to-Face,,,
202690,CHEM 480,INSTRUMENTAL ANALYSIS,,,W,6:00 PM - 10:05 PM,TIER 205,,20,,"Hussain, Chaudhery",Face-to-Face,,,
202690,CHEM 244A,ORGANIC CHEMISTRY I LAB,,,F,1:00 PM - 5:20 PM,TIER 207,,20,,"Lu, Chunmeng",Face-to-Face,,,
202690,CHEM 244A,ORGANIC CHEMISTRY I LAB,,,F,6:00 PM - 10:05 PM,TIER 207,,20,,"Lu, Chunmeng",Face-to-Face,,,
202690,CHEM 221,ANALYTICAL CHEM METHODS,,,R,1:45 PM - 5:50 PM,TIER 207,,20,,"Hussain, Chaudhery",Face-to-Face,,,
202690,CHEM 244A,ORGANIC CHEMISTRY I LAB,,,R,6:00 PM - 10:05 PM,TIER 207,,20,,"Hussain, Chaudhery",Face-to-Face,,,
202690,CHEM 244A,ORGANIC CHEMISTRY I LAB,,,T,10:00 AM - 2:20 PM,TIER 207,,20,,"Castro, Alfredo",Face-to-Face,,,
202690,CHEM 221,ANALYTICAL CHEM METHODS,,,W,6:00 PM - 10:05 PM,TIER 207,,20,,"Jimenez Aleman, Guillermo",Face-to-Face,,,
202690,CHEM 339,PHYSICAL CHEMISTRY LAB,,,W,8:30 AM - 12:50 PM,TIER 207,,20,,"Liu, Chunyan",Face-to-Face,,,
202690,CHEM 126A,GEN CHEMISTRY LAB II,,,F,1:00 PM - 3:50 PM,TIER 208,,25,,"Pacheco, Carlos",Face-to-Face,,,
202690,CHEM 125A,GENERAL CHEMISTRY  LAB I,,,M,11:30 AM - 2:20 PM,TIER 208,,25,,"Mady, Maryam",Face-to-Face,,,
202690,CHEM 339,PHYSICAL CHEMISTRY LAB,,,M,6:00 PM - 10:05 PM,TIER 208,,25,,"Liu, Chunyan",Face-to-Face,,,
202690,CHEM 125A,GENERAL CHEMISTRY  LAB I,,,MF,8:30 AM - 11:20 AM,TIER 208,,25,,"Mady, Maryam",Face-to-Face,,,
202690,CHEM 126A,GEN CHEMISTRY LAB II,,,R,11:30 AM - 2:20 PM,TIER 208,,25,,"Meschia, Maggie",Face-to-Face,,,
202690,CHEM 125A,GENERAL CHEMISTRY  LAB I,,,R,2:30 PM - 5:20 PM,TIER 208,,25,,"Chen, Logan",Face-to-Face,,,
202690,CHEM 125A,GENERAL CHEMISTRY  LAB I,,,T,11:30 AM - 2:20 PM,TIER 208,,25,,"Roy, Sagar",Face-to-Face,,,
202690,CHEM 126A,GEN CHEMISTRY LAB II,,,T,2:30 PM - 5:20 PM,TIER 208,,25,,"Bobic, Leyla",Face-to-Face,,,
202690,CHEM 125A,GENERAL CHEMISTRY  LAB I,,,T,8:30 AM - 11:20 AM,TIER 208,,25,,"Roy, Sagar",Face-to-Face,,,
202690,CHEM 125A,GENERAL CHEMISTRY  LAB I,,,W,11:30 AM - 2:20 PM,TIER 208,,25,,"Luo, Yuying",Face-to-Face,,,
202690,CHEM 125A,GENERAL CHEMISTRY  LAB I,,,WR,8:30 AM - 11:20 AM,TIER 208,,25,,"Luo, Yuying",Face-to-Face,,,
202690,CHEM 475,BIOCHEMISTRY LAB I,,,M,6:00 PM - 10:05 PM,TIER 209,,24,,"Farinas, Edgardo",Face-to-Face,,,
202690,CHEM 475,BIOCHEMISTRY LAB I,,,M,8:30 AM - 12:50 PM,TIER 209,,24,,"Farinas, Edgardo",Face-to-Face,,,
202690,PHYS 111A,PHYSICS I LAB,,,F,9:15 AM - 11:20 AM,TIER 406,,30,,,Face-to-Face,,,
202690,PHYS 111A,PHYSICS I LAB,,,MT,10:45 AM - 12:50 PM,TIER 406,,30,,,Face-to-Face,,,
202690,PHYS 111A,PHYSICS I LAB,,,MTRF,1:00 PM - 3:05 PM,TIER 406,,30,,,Face-to-Face,,,
202690,PHYS 111A,PHYSICS I LAB,,,MTW,8:30 AM - 10:35 AM,TIER 406,,30,,,Face-to-Face,,,
202690,PHYS 111A,PHYSICS I LAB,,,MTWRF,6:00 PM - 7:55 PM,TIER 406,,30,,,Face-to-Face,,,
202690,PHYS 111A,PHYSICS I LAB,,,RF,3:15 PM - 5:20 PM,TIER 406,,30,,,Face-to-Face,,,
202690,PHYS 111A,PHYSICS I LAB,,,W,12:15 PM - 2:20 PM,TIER 406,,30,,,Face-to-Face,,,
202690,PHYS 231A,PHYSICS III LAB,,,F,1:00 PM - 3:05 PM,TIER 407,,32,,,Face-to-Face,,,
202690,PHYS 111A,PHYSICS I LAB,,,MTF,6:00 PM - 7:55 PM,TIER 407,,32,,,Face-to-Face,,,
202690,PHYS 111A,PHYSICS I LAB,,,MTR,10:45 AM - 12:50 PM,TIER 407,,32,,,Face-to-Face,,,
202690,PHYS 111A,PHYSICS I LAB,,,MWR,8:30 AM - 10:35 AM,TIER 407,,32,,,Face-to-Face,,,
202690,PHYS 111A,PHYSICS I LAB,,,R,3:15 PM - 5:20 PM,TIER 407,,32,,,Face-to-Face,,,
202690,PHYS 111A,PHYSICS I LAB,,,T,1:00 PM - 3:05 PM,TIER 407,,32,,,Face-to-Face,,,
202690,PHYS 111A,PHYSICS I LAB,,,W,12:15 PM - 2:20 PM,TIER 407,,32,,,Face-to-Face,,,
202690,PHYS 121A,PHYSICS II LAB,,,MTF,1:00 PM - 3:05 PM,TIER 408,,30,,,Face-to-Face,,,
202690,PHYS 121A,PHYSICS II LAB,,,MTW,10:45 AM - 12:50 PM,TIER 408,,30,,,Face-to-Face,,,
202690,PHYS 121A,PHYSICS II LAB,,,MTW,8:30 AM - 10:35 AM,TIER 408,,30,,,Face-to-Face,,,
202690,PHYS 121A,PHYSICS II LAB,,,R,11:30 AM - 1:35 PM,TIER 408,,30,,,Face-to-Face,,,
202690,PHYS 121A,PHYSICS II LAB,,,R,2:30 PM - 4:35 PM,TIER 408,,30,,,Face-to-Face,,,
202690,PHYS 121A,PHYSICS II LAB,,,RF,9:15 AM - 11:20 AM,TIER 408,,30,,,Face-to-Face,,,
202690,PHYS 121A,PHYSICS II LAB,,,TF,3:15 PM - 5:20 PM,TIER 408,,30,,,Face-to-Face,,,
202690,PHYS 121A,PHYSICS II LAB,,,TR,6:00 PM - 7:55 PM,TIER 408,,30,,,Face-to-Face,,,
202690,PHYS 103A,GENERAL PHYSICS II LAB,,,F,1:00 PM - 3:05 PM,TIER 409,,30,,,Face-to-Face,,,
202690,PHYS 202A,INTRO ASTRONOMY &COS LAB,,,F,3:15 PM - 5:20 PM,TIER 409,,30,,,Face-to-Face,,,
202690,PHYS 203A,THE EARTH IN SPACE LAB,,,F,9:15 AM - 11:20 AM,TIER 409,,30,,,Face-to-Face,,,
202690,PHYS 203A,THE EARTH IN SPACE LAB,,,M,11:30 AM - 1:35 PM,TIER 409,,30,,,Face-to-Face,,,
202690,PHYS 102A,GENERAL PHYSICS I LAB,,,M,1:45 PM - 3:50 PM,TIER 409,,30,,,Face-to-Face,,,
202690,PHYS 102A,GENERAL PHYSICS I LAB,,,M,9:15 AM - 11:20 AM,TIER 409,,30,,,Face-to-Face,,,
202690,PHYS 102A,GENERAL PHYSICS I LAB,,,MTR,6:00 PM - 7:55 PM,TIER 409,,30,,,Face-to-Face,,,
202690,PHYS 102A,GENERAL PHYSICS I LAB,,,R,1:00 PM - 3:05 PM,TIER 409,,30,,,Face-to-Face,,,
202690,PHYS 203A,THE EARTH IN SPACE LAB,,,R,3:15 PM - 5:20 PM,TIER 409,,30,,,Face-to-Face,,,
202690,PHYS 202A,INTRO ASTRONOMY &COS LAB,,,T,1:00 PM - 3:05 PM,TIER 409,,30,,,Face-to-Face,,,
202690,PHYS 103A,GENERAL PHYSICS II LAB,,,T,3:15 PM - 5:20 PM,TIER 409,,30,,,Face-to-Face,,,
202690,PHYS 102A,GENERAL PHYSICS I LAB,,,T,8:30 AM - 10:35 AM,TIER 409,,30,,,Face-to-Face,,,
202690,PHYS 102A,GENERAL PHYSICS I LAB,,,TWR,10:45 AM - 12:50 PM,TIER 409,,30,,,Face-to-Face,,,
202690,PHYS 103A,GENERAL PHYSICS II LAB,,,W,6:00 PM - 7:55 PM,TIER 409,,30,,,Face-to-Face,,,
202690,PHYS 202A,INTRO ASTRONOMY &COS LAB,,,W,8:30 AM - 10:35 AM,TIER 409,,30,,,Face-to-Face,,,
202690,CHE 472,PROCESS & PLANT DESIGN,,,TR,4:00 PM - 5:55 PM,TIER 411B,,30,,"Reid, Nellone",Face-to-Face,,,
202690,CHE 472,PROCESS & PLANT DESIGN - HONORS,,,TR,4:00 PM - 5:55 PM,TIER 411B,,30,,"Reid, Nellone",Face-to-Face,,,
202690,CHE 365,CHEMICAL ENGR COMPUTING,,,W,6:00 PM - 10:05 PM,TIER 411B,,30,,"Voronov, Roman",Face-to-Face,,,
202690,MTEN 201,INTRO PRINC OF MATERIAL ENGR,,,MF,10:00 AM - 11:20 AM,TIER LECT 1,,135,,"Guvendiren, Murat",Face-to-Face,,,
202690,MTEN 201,INTRO PRINC OF MATERIAL ENGR- HONORS,,,MF,10:00 AM - 11:20 AM,TIER LECT 1,,135,,"Guvendiren, Murat",Face-to-Face,,,
202690,CE 200,SURVEYING,,,R,6:00 PM - 8:50 PM,TIER LECT 1,,135,,"Lapatka, Allison",Face-to-Face,,,
202690,OM 375,BUSINESS OP MGMT & ANALYTICS,,,T,6:00 PM - 8:50 PM,TIER LECT 1,,135,,"Rudna, Olena",Face-to-Face,,,
202690,CS 104,COMPUT PROG & GRAPH PROB,,,TF,4:00 PM - 5:20 PM,TIER LECT 1,,135,,"Nemane, Nikita",Face-to-Face,,,
202690,CHE 360,SEPARATION PROCESSES I,,,TR,10:00 AM - 12:05 PM,TIER LECT 1,,135,,"Ghalei, Behnam",Face-to-Face,,,
202690,CS 444,BIG DATA SYSTEMS,,,TR,1:00 PM - 2:20 PM,TIER LECT 1,,135,,"Li, Yajuan",Face-to-Face,,,
202690,MATH 333,PROBABILITY AND STATISTICS,,,TR,2:30 PM - 3:50 PM,TIER LECT 1,,135,,"Jin, Chong",Face-to-Face,,,
202690,PHYS 202,INTRO ASTRONOMY COSMOLGY,,,TR,8:30 AM - 9:50 AM,TIER LECT 1,,135,,"Gatley, Ian",Face-to-Face,,,
202690,PE 140,CIRCUIT TRAINING,,,F,10:00 AM - 11:20 AM,WEC FITCENTR,,20,,"Callahan, Brian",Face-to-Face,,,
202690,PE 129,INDIVIDUALIZED FITNESS,,,M,4:00 PM - 5:20 PM,WEC FITCENTR,,20,,"Nieves, Charlie",Face-to-Face,,,
202690,PE 129,INDIVIDUALIZED FITNESS,,,M,6:00 PM - 7:20 PM,WEC FITCENTR,,20,,"Nieves, Charlie",Face-to-Face,,,
202690,PE 129,INDIVIDUALIZED FITNESS,,,MTWR,10:00 AM - 11:20 AM,WEC FITCENTR,,20,,"Callahan, Brian",Face-to-Face,,,
202690,PE 139,INDIVIDUALIZED FITNESS II,,,MTWR,10:00 AM - 11:20 AM,WEC FITCENTR,,20,,"Callahan, Brian",Face-to-Face,,,
202690,PE 115,STRNGTH TRNING & CONDING,,,TR,11:30 AM - 12:50 PM,WEC FITCENTR,,20,,"Ruela, Ariana",Face-to-Face,,,
202690,PE 140,CIRCUIT TRAINING,,,TR,11:30 AM - 12:50 PM,WEC FITCENTR,,20,,"Ruela, Ariana",Face-to-Face,,,
202690,PE 129,INDIVIDUALIZED FITNESS,,,TR,1:00 PM - 2:20 PM,WEC FITCENTR,,20,,"Reilly, Daniel",Face-to-Face,,,
202690,PE 139,INDIVIDUALIZED FITNESS II,,,TR,1:00 PM - 2:20 PM,WEC FITCENTR,,20,,"Reilly, Daniel",Face-to-Face,,,
202690,PE 129,INDIVIDUALIZED FITNESS,,,TR,2:30 PM - 3:50 PM,WEC FITCENTR,,20,,,Face-to-Face,,,
202690,PE 139,INDIVIDUALIZED FITNESS II,,,TR,2:30 PM - 3:50 PM,WEC FITCENTR,,20,,,Face-to-Face,,,
202690,PE 140,CIRCUIT TRAINING,,,TR,8:30 AM - 9:50 AM,WEC FITCENTR,,20,,"Callahan, Brian",Face-to-Face,,,
202690,PE 115,STRNGTH TRNING & CONDING,,,TRF,8:30 AM - 9:50 AM,WEC FITCENTR,,20,,"Callahan, Brian",Face-to-Face,,,
202690,PE 115,STRNGTH TRNING & CONDING,,,W,11:30 AM - 12:50 PM,WEC FITCENTR,,20,,"Lott, Jacqueline",Face-to-Face,,,
202690,PE 115,STRNGTH TRNING & CONDING,,,W,1:00 PM - 2:20 PM,WEC FITCENTR,,20,,"Greely, Matthew",Face-to-Face,,,
202690,PE 141,INTRODUCTION TO DANCE,,,M,11:30 AM - 12:50 PM,WEC GRPEXER,,40,,"Smith, Carole",Face-to-Face,,,
202690,PE 150,BEGINNING YOGA,,,M,7:00 PM - 8:20 PM,WEC GRPEXER,,40,,"Dodson, Crystal",Face-to-Face,,,
202690,PE 171,LATIN DANCE,,,T,1:00 PM - 2:20 PM,WEC GRPEXER,,40,,"Pagan, Roberto",Face-to-Face,,,
202690,PE 150,BEGINNING YOGA,,,TR,10:00 AM - 11:20 AM,WEC GRPEXER,,40,,"Callahan, Brian",Face-to-Face,,,
202690,PE 136,INTRO TO KARATE,,,TR,7:00 PM - 8:20 PM,WEC GRPEXER,,40,,"Kim, Charles",Face-to-Face,,,
202690,PE 180,ZUMBA FITNESS,,,W,10:00 AM - 11:20 AM,WEC GRPEXER,,40,,"Smith, Carole",Face-to-Face,,,
202690,PE 150,BEGINNING YOGA,,,W,6:00 PM - 7:20 PM,WEC GRPEXER,,40,,"Dodson, Crystal",Face-to-Face,,,
202690,PE 135,BEGINNING SWIMMING,,,R,10:00 AM - 11:20 AM,WEC POOL,,12,,"Farina, Ronald",Face-to-Face,,,
202690,PE 133,SWIM FOR HEALTH,,,T,10:00 AM - 11:20 AM,WEC POOL,,12,,"Farina, Ronald",Face-to-Face,,,
202690,PE 242,INTRODUCTION TO RACQUETBALL,,,R,4:30 PM - 5:50 PM,WEC RACQ,,10,,"Digianno, Michael",Face-to-Face,,,
202690,PE 242,INTRODUCTION TO RACQUETBALL,,,T,4:30 PM - 5:50 PM,WEC RACQ,,10,,"Martinez, Richard",Face-to-Face,,,
202690,PE 145,AIR FORCE PHYSICAL TRAINING I,,,T,7:00 AM - 8:00 AM,WEC TRACK,,60,,"Merchant, Azeem",Face-to-Face,,,
202690,PE 117,JOGGING,,,TR,1:00 PM - 2:20 PM,WEC TRACK,,60,,"Hannafin, John",Face-to-Face,,,
202690,ARCH 677,GEOGRAPHIC INFORMATION SYSTEMS,,,T,6:00 PM - 8:50 PM,WEST 140,,18,,"Painter, Edward",Face-to-Face,,,
202690,ID 216,MODELING AND PROTOTYPING,,,TF,1:00 PM - 2:20 PM,WEST 140,,18,,"Schwartz, Mathew",Face-to-Face,,,
202690,DD 303,FOUNDATIONS OF SOUND AND MUSIC,,,F,1:00 PM - 3:50 PM,WEST 210,,40,,"Liebermann, Alexander",Face-to-Face,,,
202690,ARCH 583,ST: ARCHITECTURES IMPACT ON NEW TECHNOLOGY,,,MR,10:00 AM - 11:20 AM,WEST 210,,40,,"Santiago, Etien",Face-to-Face,,,
202690,ARCH 483,ST: THE BUSINESS OF ARCHITECTURE IN THE AGE OF AI,,,MR,11:30 AM - 12:50 PM,WEST 210,,40,,"Li, Xiao Sunny",Face-to-Face,,,
202690,ARCH 483,ST: BUILDING ENCLOSURES WORKFLOWS,,,R,6:00 PM - 8:50 PM,WEST 210,,40,,"Lee, Jun Schick",Face-to-Face,,,
202690,ARCH 301,DIGITAL MODELING & FABRICATION,,,W,6:00 PM - 8:50 PM,WEST 210,,40,,"Quintero Morales, Moises",Face-to-Face,,,
202690,ARCH 324,LANDSCAPE AND URBANISM,,,MW,11:30 AM - 12:50 PM,WEST 220,,160,,"Harp, Cleveland",Face-to-Face,,,
202690,ARCH 538,SUSTAINABLE ARCHITECTURE,,,TF,10:00 AM - 11:20 AM,WEST 220,,160,,"Li, Xiao Sunny",Face-to-Face,,,
202690,ID 310,ETHNOGRAPHIC & MRKT RESEARCH,,,W,6:00 PM - 8:50 PM,WEST 260,,15,,"Zhang, Kaiheng",Face-to-Face,,,
202690,ARCH 541G,CONSTRUCTION I,,,M,6:00 PM - 8:50 PM,WEST 310,,30,,"Parlac, Vera",Face-to-Face,,,
202690,ARCH 528G,HISTORY OF ARCHITECTURE I,,,MR,1:00 PM - 2:20 PM,WEST 310,,30,,"Godel, Addison",Face-to-Face,,,
202690,INT 322,CONTRACT DOCUMENTS,,,MW,10:00 AM - 11:20 AM,WEST 310,,30,,"Garcia Figueroa, Julio",Face-to-Face,,,
202690,ARCH 337,BUILDING INFORMATION MODELING,,,T,6:00 PM - 8:50 PM,WEST 310,,30,,"Ikharo, Deen",Face-to-Face,,,
202690,INT 321,METHODS AND MATERIALS,,,TF,10:00 AM - 11:20 AM,WEST 310,,30,,"Brothers, David",Face-to-Face,,,
202690,ID 203,"INNOV:PAST, PRESENT & FUTURE",,,TR,11:30 AM - 12:50 PM,WEST 310,,30,,"Alcala, Jose",Face-to-Face,,,
202690,ARCH 545,CASE STUDIES IN ARCH TECH,,,MR,10:00 AM - 11:20 AM,WEST 350,,20,,"Mergold, Aleksandr",Face-to-Face,,,
202690,DD 363,DIGITAL DESIGN STUDIO III,,,MR,1:00 PM - 5:20 PM,WEST 358,,15,,"Rodrigues, Miguel",Face-to-Face,,,
202690,DD 363,DIGITAL DESIGN STUDIO III,,,MR,1:00 PM - 5:20 PM,WEST 358,,15,,"Shaferman, Gaberiel",Face-to-Face,,,
202690,ARCH 335,DIGITAL TECTONICS,,,MR,11:30 AM - 12:50 PM,WEST 650,,20,,"Pediredla, Sampath",Face-to-Face,,,
202690,ARCH 337,BUILDING INFORMATION MODELING,,,MW,6:00 PM - 8:50 PM,WEST 650,,20,,"Warshofsky, Brandon",Face-to-Face,,,
202690,ARCH 689,AI / VR IN ARCHITECTURE,,,TF,10:00 AM - 11:20 AM,WEST 650,,20,,"Narahara, Taro",Face-to-Face,,,
202690,DD 334,SIMULATED ENVIRONMENTS,,,TR,6:00 PM - 8:50 PM,WEST 650,,20,,"Shaferman, Gaberiel",Face-to-Face,,,
202690,ARCH 555G,TOOLS AND TECHNIQUES I,,,T,6:00 PM - 8:50 PM,WEST 710,,30,,"Owens, Cheyne",Face-to-Face,,,
202690,ARCH 210,HISTORY OF ARCHITECTURE I,,,MR,11:30 AM - 12:50 PM,WEST LECT 1,,100,,"Santiago, Etien",Face-to-Face,,,
202690,ARCH 210,HISTORY OF ARCHITECTURE I - HONORS,,,MR,11:30 AM - 12:50 PM,WEST LECT 1,,100,,"Santiago, Etien",Face-to-Face,,,
202690,ARCH 195,ARCHITECTURE STUDIO I,,,MR,1:00 PM - 5:20 PM,WEST LECT 1,,100,,"Mergold, Aleksandr",Face-to-Face,,,
202690,CS 491,COMPUTER SCIENCE PROJECT - HONORS,,,R,6:00 PM - 8:50 PM,WEST LECT 1,,100,,"Kumar, Suresh",Face-to-Face,,,
202690,MECH 236,DYNAMICS,,,T,1:00 PM - 3:05 PM,WEST LECT 1,,100,,"Ding, Yuan",Face-to-Face,,,
202690,CS 491,COMPUTER SCIENCE PROJECT - HONORS,,,T,6:00 PM - 8:50 PM,WEST LECT 1,,100,,"Eljabiri, Osama",Face-to-Face,,,
202690,CS 104,COMPUT PROG & GRAPH PROB,,,TR,10:00 AM - 11:20 AM,WEST LECT 1,,100,,"Nemane, Nikita",Face-to-Face,,,
202690,CS 491,COMPUTER SCIENCE PROJECT,,,TR,6:00 PM - 8:50 PM,WEST LECT 1,,100,,"Eljabiri, Osama",Face-to-Face,,,
202690,IT 491,INFORMTN TECHNLGY CAPSTONE,,,TR,6:00 PM - 8:50 PM,WEST LECT 1,,100,,"Eljabiri, Osama",Face-to-Face,,,
202690,IT 491,INFORMTN TECHNLGY CAPSTONE - HONORS,,,TR,6:00 PM - 8:50 PM,WEST LECT 1,,100,,"Eljabiri, Osama",Face-to-Face,,,
202690,ET 101,ENGR TECH FOUNDATIONS,,,W,1:00 PM - 2:20 PM,WEST LECT 1,,100,,"Rahman, Sahidur",Face-to-Face,,,
202690,ECE 252,MICROPROCESSORS,,,W,6:00 PM - 8:50 PM,WEST LECT 1,,100,,"Bhavnagarwala, Azeez",Face-to-Face,,,
202690,DS 677,DEEP LEARNING,,,MR,4:00 PM - 5:20 PM,WEST LECT 2,,50,,"Bakhshaliyev, Khalid",Face-to-Face,,,
202690,ECE 231,CIRCUITS & SYSTEMS I,,,R,6:00 PM - 10:05 PM,WEST LECT 2,,50,,"Yousef, Ahmed",Face-to-Face,,,
202690,ARCH 583,ST: ISLAMIC ART AND ARCHITECTURE,,,T,6:00 PM - 8:50 PM,WEST LECT 2,,50,,"Altin, Ersin",Face-to-Face,,,
202690,MIS 245,INTRO TO MNGMNT INFO SYST,,,TF,10:00 AM - 11:20 AM,WEST LECT 2,,50,,"Grossman, Riley",Face-to-Face,,,
202690,PHIL 334,ENGINEERING ETHICS,,,TF,4:00 PM - 5:20 PM,WEST LECT 2,,50,,"Burnside, Andrew",Face-to-Face,,,
202690,MATH 337,LINEAR ALGEBRA,,,TR,1:00 PM - 2:20 PM,WEST LECT 2,,50,,"Alptekin, Sener",Face-to-Face,,,
202690,MATH 213,CALCULUS III B,,,TRF,2:30 PM - 3:50 PM,WEST LECT 2,,50,,"Ward, Peter",Face-to-Face,,,
202690,ARCH 530,METHODS OF ARCH RESEARCH,,,W,6:00 PM - 8:50 PM,WEST LECT 2,,50,,"Marsh, Melissa",Face-to-Face,,,
